1	उदके-विशीर्णम्	[["1.1", "उदके-", "सप्तमी-तत्पुरुषः,1.2"], ["1.2", "विशीर्णम्", "कर्ता,2.1"], ["2.1", "अस्ति", "-,-"]]	Success	[["1.1", "उदके-", "सप्तमी-तत्पुरुषः,1.2"], ["1.2", "विशीर्णम्", "कर्ता,2.1"], ["2.1", "अस्ति", "अभिहित_कर्ता,1.2"], ["3.1", ".", "-,-"]]	1.0	1.0	1.0	True
2	प्रवाहे-मूत्रितम्	[["1.1", "प्रवाहे-", "सप्तमी-तत्पुरुषः,1.2"], ["1.2", "मूत्रितम्", "कर्ता,2.1"], ["2.1", "अस्ति", "-,-"]]	Success	[["1.1", "प्रवाहे-", "सप्तमी-तत्पुरुषः,1.2"], ["1.2", "मूत्रितम्", "कर्ता,2.1"], ["2.1", "अस्ति", "अभिहित_कर्ता,1.2"], ["3.1", ".", "-,-"]]	1.0	1.0	1.0	True
3	भस्मनि-हुतम्	[["1.1", "भस्मनि-", "सप्तमी-तत्पुरुषः,1.2"], ["1.2", "हुतम्", "कर्ता,2.1"], ["2.1", "अस्ति", "-,-"]]	Success	[["1.1", "भस्मनि-", "सप्तमी-तत्पुरुषः,1.2"], ["1.2", "हुतम्", "कर्ता,2.1"], ["2.1", "अस्ति", "अभिहित_कर्ता,1.2"], ["3.1", ".", "-,-"]]	1.0	1.0	1.0	True
4	स्नात-अनुलिप्तः	[["1.1", "स्नात-", "कर्मधारयः,1.2"], ["1.2", "अनुलिप्तः", "कर्ता,2.1"], ["2.1", "अस्ति", "-,-"]]	Success	[["1.1", "स्नात-", "कर्मधारयः,1.2"], ["1.2", "अनुलिप्तः", "कर्ता,2.1"], ["2.1", "अस्ति", "अभिहित_कर्ता,1.2"], ["3.1", ".", "-,-"]]	1.0	1.0	1.0	True
5	कृष्ट-समीकृतम्	[["1.1", "कृष्ट-", "कर्मधारयः,1.2"], ["1.2", "समीकृतम्", "कर्ता,2.1"], ["2.1", "अस्ति", "-,-"]]	Success	[["1.1", "कृष्ट-", "-,-"], ["1.2", "समीकृतम्", "-,-"], ["2.1", "अस्ति", "-,-"], ["3.1", ".", "-,-"]]	0.0	0.0	0.0	False
6	दग्ध-प्ररूढम्	[["1.1", "दग्ध-", "कर्मधारयः,1.2"], ["1.2", "प्ररूढम्", "कर्ता,2.1"], ["2.1", "अस्ति", "-,-"]]	Success	[["1.1", "दग्ध-", "षष्ठी-तत्पुरुषः,1.2"], ["1.2", "प्ररूढम्", "कर्ता,2.1"], ["2.1", "अस्ति", "अभिहित_कर्ता,1.2"], ["3.1", ".", "-,-"]]	0.0	1.0	0.0	True
7	श्रेणि-कृताः	[["1.1", "श्रेणि-", "कर्मधारयः,1.2"], ["1.2", "कृताः", "कर्ता,2.1"], ["2.1", "अस्ति", "-,-"]]	Success	[["1.1", "श्रेणि-", "तृतीया-तत्पुरुषः,1.2"], ["1.2", "कृताः", "-,-"], ["2.1", "अस्ति", "-,-"], ["3.1", ".", "-,-"]]	0.0	1.0	0.0	True
8	एक-कृताः	[["1.1", "एक-", "कर्मधारयः,1.2"], ["1.2", "कृताः", "कर्ता,2.1"], ["2.1", "अस्ति", "-,-"]]	Success	[["1.1", "एक-", "तृतीया-तत्पुरुषः,1.2"], ["1.2", "कृताः", "-,-"], ["2.1", "अस्ति", "-,-"], ["3.1", ".", "-,-"]]	0.0	1.0	0.0	True
9	नरक-पतितः	[["1.1", "नरक-", "पञ्चमी-तत्पुरुषः,1.2"], ["1.2", "पतितः", "कर्ता,2.1"], ["2.1", "अस्ति", "-,-"]]	Success	[["1.1", "नरक-", "द्वितीया-तत्पुरुषः,1.2"], ["1.2", "पतितः", "कर्ता,2.1"], ["2.1", "अस्ति", "अभिहित_कर्ता,1.2"], ["3.1", ".", "-,-"]]	0.0	1.0	0.0	True
10	स्वर्ग-पतितः	[["1.1", "स्वर्ग-", "पञ्चमी-तत्पुरुषः,1.2"], ["1.2", "पतितः", "कर्ता,2.1"], ["2.1", "अस्ति", "-,-"]]	Success	[["1.1", "स्वर्ग-", "द्वितीया-तत्पुरुषः,1.2"], ["1.2", "पतितः", "कर्ता,2.1"], ["2.1", "अस्ति", "अभिहित_कर्ता,1.2"], ["3.1", ".", "-,-"]]	0.0	1.0	0.0	True
11	कष्ट-श्रितः	[["1.1", "कष्ट-", "द्वितीया-तत्पुरुषः,1.2"], ["1.2", "श्रितः", "कर्ता,2.1"], ["2.1", "अस्ति", "-,-"]]	Success	[["1.1", "कष्ट-", "द्वितीया-तत्पुरुषः,1.2"], ["1.2", "श्रितः", "कर्ता,2.1"], ["2.1", "अस्ति", "अभिहित_कर्ता,1.2"], ["3.1", ".", "-,-"]]	1.0	1.0	1.0	True
12	दुःख-अतीत	[["1.1", "दुःख-", "द्वितीया-तत्पुरुषः,1.2"], ["1.2", "अतीत", "कर्ता,2.1"], ["2.1", "अस्ति", "-,-"]]	Success	[["1.1", "दुःख-", "षष्ठी-तत्पुरुषः,1.2"], ["1.2", "अतीत", "-,-"], ["2.1", "अस्ति", "-,-"], ["3.1", ".", "-,-"]]	0.0	1.0	0.0	True
13	ग्राम-गतः	[["1.1", "ग्राम-", "द्वितीया-तत्पुरुषः,1.2"], ["1.2", "गतः", "कर्ता,2.1"], ["2.1", "अस्ति", "-,-"]]	Success	[["1.1", "ग्राम-", "द्वितीया-तत्पुरुषः,1.2"], ["1.2", "गतः", "कर्ता,2.1"], ["2.1", "अस्ति", "अभिहित_कर्ता,1.2"], ["3.1", ".", "-,-"]]	1.0	1.0	1.0	True
14	तरङ्ग-अत्यस्तः	[["1.1", "तरङ्ग-", "द्वितीया-तत्पुरुषः,1.2"], ["1.2", "अत्यस्तः", "कर्ता,2.1"], ["2.1", "अस्ति", "-,-"]]	Success	[["1.1", "तरङ्ग-", "द्वितीया-तत्पुरुषः,1.2"], ["1.2", "अत्यस्तः", "कर्ता,2.1"], ["2.1", "अस्ति", "अभिहित_कर्ता,1.2"], ["3.1", ".", "-,-"]]	1.0	1.0	1.0	True
15	सुख-प्राप्तः	[["1.1", "सुख-", "द्वितीया-तत्पुरुषः,1.2"], ["1.2", "प्राप्तः", "कर्ता,2.1"], ["2.1", "अस्ति", "-,-"]]	Success	[["1.1", "सुख-", "द्वितीया-तत्पुरुषः,1.2"], ["1.2", "प्राप्तः", "कर्ता,2.1"], ["2.1", "अस्ति", "अभिहित_कर्ता,1.2"], ["3.1", ".", "-,-"]]	1.0	1.0	1.0	True
16	सुख-आपन्नः	[["1.1", "सुख-", "द्वितीया-तत्पुरुषः,1.2"], ["1.2", "आपन्नः", "कर्ता,2.1"], ["2.1", "अस्ति", "-,-"]]	Success	[["1.1", "सुख-", "द्वितीया-तत्पुरुषः,1.2"], ["1.2", "आपन्नः", "कर्ता,2.1"], ["2.1", "अस्ति", "अभिहित_कर्ता,1.2"], ["3.1", ".", "-,-"]]	1.0	1.0	1.0	True
17	गो-हितम्	[["1.1", "गो-", "चतुर्थी-तत्पुरुषः,1.2"], ["1.2", "हितम्", "कर्ता,2.1"], ["2.1", "अस्ति", "-,-"]]	Success	[["1.1", "गो-", "तृतीया-तत्पुरुषः,1.2"], ["1.2", "हितम्", "कर्ता,2.1"], ["2.1", "अस्ति", "अभिहित_कर्ता,1.2"], ["3.1", ".", "-,-"]]	0.0	1.0	0.0	True
18	गो-रक्षितम्	[["1.1", "गो-", "चतुर्थी-तत्पुरुषः,1.2"], ["1.2", "रक्षितम्", "कर्ता,2.1"], ["2.1", "अस्ति", "-,-"]]	Success	[["1.1", "गो-", "चतुर्थी-तत्पुरुषः,1.2"], ["1.2", "रक्षितम्", "कर्ता,2.1"], ["2.1", "अस्ति", "अभिहित_कर्ता,1.2"], ["3.1", ".", "-,-"]]	1.0	1.0	1.0	True
19	वृक-भीतः	[["1.1", "वृक-", "पञ्चमी-तत्पुरुषः,1.2"], ["1.2", "भीतः", "कर्ता,2.1"], ["2.1", "अस्ति", "-,-"]]	Success	[["1.1", "वृक-", "पञ्चमी-तत्पुरुषः,1.2"], ["1.2", "भीतः", "कर्ता,2.1"], ["2.1", "अस्ति", "अभिहित_कर्ता,1.2"], ["3.1", ".", "-,-"]]	1.0	1.0	1.0	True
20	सुख-अपेतः	[["1.1", "सुख-", "पञ्चमी-तत्पुरुषः,1.2"], ["1.2", "अपेतः", "कर्ता,2.1"], ["2.1", "अस्ति", "-,-"]]	Success	[["1.1", "सुख-", "षष्ठी-तत्पुरुषः,1.2"], ["1.2", "अपेतः", "कर्ता,2.1"], ["2.1", "अस्ति", "अभिहित_कर्ता,1.2"], ["3.1", ".", "-,-"]]	0.0	1.0	0.0	True
21	कल्पन-अपोढः	[["1.1", "कल्पन-", "पञ्चमी-तत्पुरुषः,1.2"], ["1.2", "अपोढः", "कर्ता,2.1"], ["2.1", "अस्ति", "-,-"]]	Success	[["1.1", "कल्पन-", "षष्ठी-तत्पुरुषः,1.2"], ["1.2", "अपोढः", "कर्ता,2.1"], ["2.1", "अस्ति", "अभिहित_कर्ता,1.2"], ["3.1", ".", "-,-"]]	0.0	1.0	0.0	True
22	चक्र-मुक्तः	[["1.1", "चक्र-", "पञ्चमी-तत्पुरुषः,1.2"], ["1.2", "मुक्तः", "कर्ता,2.1"], ["2.1", "अस्ति", "-,-"]]	Success	[["1.1", "चक्र-", "पञ्चमी-तत्पुरुषः,1.2"], ["1.2", "मुक्तः", "कर्ता,2.1"], ["2.1", "अस्ति", "अभिहित_कर्ता,1.2"], ["3.1", ".", "-,-"]]	1.0	1.0	1.0	True
23	तरङ्ग-अपत्रस्तः	[["1.1", "तरङ्ग-", "पञ्चमी-तत्पुरुषः,1.2"], ["1.2", "अपत्रस्तः", "कर्ता,2.1"], ["2.1", "अस्ति", "-,-"]]	Success	[["1.1", "तरङ्ग-", "पञ्चमी-तत्पुरुषः,1.2"], ["1.2", "अपत्रस्तः", "कर्ता,2.1"], ["2.1", "अस्ति", "अभिहित_कर्ता,1.2"], ["3.1", ".", "-,-"]]	1.0	1.0	1.0	True
24	स्वयम्-विलीनम्	[["1.1", "स्वयम्-", "द्वितीया-तत्पुरुषः,1.2"], ["1.2", "विलीनम्", "कर्ता,2.1"], ["2.1", "अस्ति", "-,-"]]	Success	[["1.1", "स्वयम्-", "द्वितीया-तत्पुरुषः,1.2"], ["1.2", "विलीनम्", "कर्ता,2.1"], ["2.1", "अस्ति", "अभिहित_कर्ता,1.2"], ["3.1", ".", "-,-"]]	1.0	1.0	1.0	True
25	खट्वा-रूढः	[["1.1", "खट्वा-", "द्वितीया-तत्पुरुषः,1.2"], ["1.2", "रूढः", "कर्ता,2.1"], ["2.1", "अस्ति", "-,-"]]	Success	[["1.1", "खट्वा-", "द्वितीया-तत्पुरुषः,1.2"], ["1.2", "रूढः", "कर्ता,2.1"], ["2.1", "अस्ति", "अभिहित_कर्ता,1.2"], ["3.1", ".", "-,-"]]	1.0	1.0	1.0	True
26	खट्वा-प्लुतः	[["1.1", "खट्वा-", "द्वितीया-तत्पुरुषः,1.2"], ["1.2", "प्लुतः", "कर्ता,2.1"], ["2.1", "अस्ति", "-,-"]]	Success	[["1.1", "खट्वा-", "द्वितीया-तत्पुरुषः,1.2"], ["1.2", "प्लुतः", "कर्ता,2.1"], ["2.1", "अस्ति", "अभिहित_कर्ता,1.2"], ["3.1", ".", "-,-"]]	1.0	1.0	1.0	True
27	सामि-कृतम्	[["1.1", "सामि-", "द्वितीया-तत्पुरुषः,1.2"], ["1.2", "कृतम्", "कर्ता,2.1"], ["2.1", "अस्ति", "-,-"]]	Success	[["1.1", "सामि-", "द्वितीया-तत्पुरुषः,1.2"], ["1.2", "कृतम्", "कर्ता,2.1"], ["2.1", "अस्ति", "अभिहित_कर्ता,1.2"], ["3.1", ".", "-,-"]]	1.0	1.0	1.0	True
28	सामि-पीतम्	[["1.1", "सामि-", "द्वितीया-तत्पुरुषः,1.2"], ["1.2", "पीतम्", "कर्ता,2.1"], ["2.1", "अस्ति", "-,-"]]	Success	[["1.1", "सामि-", "द्वितीया-तत्पुरुषः,1.2"], ["1.2", "पीतम्", "कर्ता,2.1"], ["2.1", "अस्ति", "अभिहित_कर्ता,1.2"], ["3.1", ".", "-,-"]]	1.0	1.0	1.0	True
29	सामि-भुक्तम्	[["1.1", "सामि-", "द्वितीया-तत्पुरुषः,1.2"], ["1.2", "भुक्तम्", "कर्ता,2.1"], ["2.1", "अस्ति", "-,-"]]	Success	[["1.1", "सामि-", "षष्ठी-तत्पुरुषः,1.2"], ["1.2", "भुक्तम्", "कर्ता,2.1"], ["2.1", "अस्ति", "अभिहित_कर्ता,1.2"], ["3.1", ".", "-,-"]]	0.0	1.0	0.0	True
30	अहः-अतिसृता	[["1.1", "अहः-", "द्वितीया-तत्पुरुषः,1.2"], ["1.2", "अतिसृता", "कर्ता,2.1"], ["2.1", "अस्ति", "-,-"]]	Success	[["1.1", "अहः-", "-,-"], ["1.2", "अतिसृता", "-,-"], ["2.1", "अस्ति", "-,-"], ["3.1", ".", "-,-"]]	0.0	0.0	0.0	False
31	अहः-संक्रान्ताः	[["1.1", "अहः-", "द्वितीया-तत्पुरुषः,1.2"], ["1.2", "संक्रान्ताः", "कर्ता,2.1"], ["2.1", "अस्ति", "-,-"]]	Success	[["1.1", "अहः-", "द्वितीया-तत्पुरुषः,1.2"], ["1.2", "संक्रान्ताः", "-,-"], ["2.1", "अस्ति", "-,-"], ["3.1", ".", "-,-"]]	1.0	1.0	1.0	True
32	रात्रि-अतिसृताः	[["1.1", "रात्रि-", "द्वितीया-तत्पुरुषः,1.2"], ["1.2", "अतिसृताः", "कर्ता,2.1"], ["2.1", "अस्ति", "-,-"]]	Success	[["1.1", "रात्रि-", "-,-"], ["1.2", "अतिसृताः", "-,-"], ["2.1", "अस्ति", "-,-"], ["3.1", ".", "-,-"]]	0.0	0.0	0.0	False
33	रात्रि-संक्रान्ताः	[["1.1", "रात्रि-", "द्वितीया-तत्पुरुषः,1.2"], ["1.2", "संक्रान्ताः", "कर्ता,2.1"], ["2.1", "अस्ति", "-,-"]]	Success	[["1.1", "रात्रि-", "द्वितीया-तत्पुरुषः,1.2"], ["1.2", "संक्रान्ताः", "-,-"], ["2.1", "अस्ति", "-,-"], ["3.1", ".", "-,-"]]	1.0	1.0	1.0	True
34	मास-प्रमितः	[["1.1", "मास-", "द्वितीया-तत्पुरुषः,1.2"], ["1.2", "प्रमितः", "कर्ता,2.1"], ["2.1", "अस्ति", "-,-"]]	Success	[["1.1", "मास-", "द्वितीया-तत्पुरुषः,1.2"], ["1.2", "प्रमितः", "कर्ता,2.1"], ["2.1", "अस्ति", "अभिहित_कर्ता,1.2"], ["3.1", ".", "-,-"]]	1.0	1.0	1.0	True
35	तत्र-भुक्तम्	[["1.1", "तत्र-", "सप्तमी-तत्पुरुषः,1.2"], ["1.2", "भुक्तम्", "कर्ता,2.1"], ["2.1", "अस्ति", "-,-"]]	Success	[["1.1", "तत्र-", "षष्ठी-तत्पुरुषः,1.2"], ["1.2", "भुक्तम्", "कर्ता,2.1"], ["2.1", "अस्ति", "अभिहित_कर्ता,1.2"], ["3.1", ".", "-,-"]]	0.0	1.0	0.0	True
36	तत्र-कृतम्	[["1.1", "तत्र-", "सप्तमी-तत्पुरुषः,1.2"], ["1.2", "कृतम्", "कर्ता,2.1"], ["2.1", "अस्ति", "-,-"]]	Success	[["1.1", "तत्र-", "सप्तमी-तत्पुरुषः,1.2"], ["1.2", "कृतम्", "कर्ता,2.1"], ["2.1", "अस्ति", "अभिहित_कर्ता,1.2"], ["3.1", ".", "-,-"]]	1.0	1.0	1.0	True
37	तत्र-पीतम्	[["1.1", "तत्र-", "सप्तमी-तत्पुरुषः,1.2"], ["1.2", "पीतम्", "कर्ता,2.1"], ["2.1", "अस्ति", "-,-"]]	Success	[["1.1", "तत्र-", "तृतीया-तत्पुरुषः,1.2"], ["1.2", "पीतम्", "कर्ता,2.1"], ["2.1", "अस्ति", "अभिहित_कर्ता,1.2"], ["3.1", ".", "-,-"]]	0.0	1.0	0.0	True
38	स्तोकात्-मुक्तः	[["1.1", "स्तोकात्-", "पञ्चमी-तत्पुरुषः,1.2"], ["1.2", "मुक्तः", "कर्ता,2.1"], ["2.1", "अस्ति", "-,-"]]	Success	[["1.1", "स्तोकात्-", "पञ्चमी-तत्पुरुषः,1.2"], ["1.2", "मुक्तः", "कर्ता,2.1"], ["2.1", "अस्ति", "अभिहित_कर्ता,1.2"], ["3.1", ".", "-,-"]]	1.0	1.0	1.0	True
39	अन्तिकात्-आगतः	[["1.1", "अन्तिकात्-", "पञ्चमी-तत्पुरुषः,1.2"], ["1.2", "आगतः", "कर्ता,2.1"], ["2.1", "अस्ति", "-,-"]]	Success	[["1.1", "अन्तिकात्-", "पञ्चमी-तत्पुरुषः,1.2"], ["1.2", "आगतः", "कर्ता,2.1"], ["2.1", "अस्ति", "अभिहित_कर्ता,1.2"], ["3.1", ".", "-,-"]]	1.0	1.0	1.0	True
40	दूरात्-आगतः	[["1.1", "दूरात्-", "पञ्चमी-तत्पुरुषः,1.2"], ["1.2", "आगतः", "कर्ता,2.1"], ["2.1", "अस्ति", "-,-"]]	Success	[["1.1", "दूरात्-", "पञ्चमी-तत्पुरुषः,1.2"], ["1.2", "आगतः", "कर्ता,2.1"], ["2.1", "अस्ति", "अभिहित_कर्ता,1.2"], ["3.1", ".", "-,-"]]	1.0	1.0	1.0	True
41	कृच्छ्रात्-मुक्तः	[["1.1", "कृच्छ्रात्-", "पञ्चमी-तत्पुरुषः,1.2"], ["1.2", "मुक्तः", "कर्ता,2.1"], ["2.1", "अस्ति", "-,-"]]	Success	[["1.1", "कृच्छ्रात्-", "पञ्चमी-तत्पुरुषः,1.2"], ["1.2", "मुक्तः", "कर्ता,2.1"], ["2.1", "अस्ति", "अभिहित_कर्ता,1.2"], ["3.1", ".", "-,-"]]	1.0	1.0	1.0	True
42	अहि-हतः	[["1.1", "अहि-", "तृतीया-तत्पुरुषः,1.2"], ["1.2", "हतः", "कर्ता,2.1"], ["2.1", "अस्ति", "-,-"]]	Success	[["1.1", "अहि-", "तृतीया-तत्पुरुषः,1.2"], ["1.2", "हतः", "कर्ता,2.1"], ["2.1", "अस्ति", "अभिहित_कर्ता,1.2"], ["3.1", ".", "-,-"]]	1.0	1.0	1.0	True
43	नख-निर्भिन्नः	[["1.1", "नख-", "तृतीया-तत्पुरुषः,1.2"], ["1.2", "निर्भिन्नः", "कर्ता,2.1"], ["2.1", "अस्ति", "-,-"]]	Success	[["1.1", "नख-", "-,-"], ["1.2", "निर्भिन्नः", "-,-"], ["2.1", "अस्ति", "-,-"], ["3.1", ".", "-,-"]]	0.0	0.0	0.0	False
44	परशु-छिन्नः	[["1.1", "परशु-", "तृतीया-तत्पुरुषः,1.2"], ["1.2", "छिन्नः", "कर्ता,2.1"], ["2.1", "अस्ति", "-,-"]]	Success	[["1.1", "परशु-", "षष्ठी-तत्पुरुषः,1.2"], ["1.2", "छिन्नः", "कर्ता,2.1"], ["2.1", "अस्ति", "अभिहित_कर्ता,1.2"], ["3.1", ".", "-,-"]]	0.0	1.0	0.0	True
45	काक-पेया	[["1.1", "काक-", "तृतीया-तत्पुरुषः,1.2"], ["1.2", "पेया", "कर्ता,2.1"], ["2.1", "अस्ति", "-,-"]]	Success	[["1.1", "काक-", "तृतीया-तत्पुरुषः,1.2"], ["1.2", "पेया", "कर्ता,2.1"], ["2.1", "अस्ति", "अभिहित_कर्ता,1.2"], ["3.1", ".", "-,-"]]	1.0	1.0	1.0	True
46	श्व-लेह्यः	[["1.1", "श्व-", "तृतीया-तत्पुरुषः,1.2"], ["1.2", "लेह्यः", "कर्ता,2.1"], ["2.1", "अस्ति", "-,-"]]	Success	[["1.1", "श्व-", "तृतीया-तत्पुरुषः,1.2"], ["1.2", "लेह्यः", "कर्ता,2.1"], ["2.1", "अस्ति", "अभिहित_कर्ता,1.2"], ["3.1", ".", "-,-"]]	1.0	1.0	1.0	True
47	बाष्प-छेद्यानि	[["1.1", "बाष्प-", "तृतीया-तत्पुरुषः,1.2"], ["1.2", "छेद्यानि", "कर्ता,2.1"], ["2.1", "अस्ति", "-,-"]]	Success	[["1.1", "बाष्प-", "तृतीया-तत्पुरुषः,1.2"], ["1.2", "छेद्यानि", "-,-"], ["2.1", "अस्ति", "-,-"], ["3.1", ".", "-,-"]]	1.0	1.0	1.0	True
48	कण्टक-संचेय	[["1.1", "कण्टक-", "तृतीया-तत्पुरुषः,1.2"], ["1.2", "संचेय", "कर्ता,2.1"], ["2.1", "अस्ति", "-,-"]]	Success	[["1.1", "कण्टक-", "-,-"], ["1.2", "संचेय", "-,-"], ["2.1", "अस्ति", "-,-"], ["3.1", ".", "-,-"]]	0.0	0.0	0.0	False
49	मास-प्रमेयः	[["1.1", "मास-", "तृतीया-तत्पुरुषः,1.2"], ["1.2", "प्रमेयः", "कर्ता,2.1"], ["2.1", "अस्ति", "-,-"]]	Success	[["1.1", "मास-", "द्वितीया-तत्पुरुषः,1.2"], ["1.2", "प्रमेयः", "कर्ता,2.1"], ["2.1", "अस्ति", "अभिहित_कर्ता,1.2"], ["3.1", ".", "-,-"]]	0.0	1.0	0.0	True
50	प्राप्त-जीविकः	[["1.1", "प्राप्त-", "तत्पुरुषः,1.2"], ["1.2", "जीविकः", "कर्ता,2.1"], ["2.1", "अस्ति", "-,-"]]	Success	[["1.1", "प्राप्त-", "तत्पुरुषः,1.2"], ["1.2", "जीविकः", "कर्ता,2.1"], ["2.1", "अस्ति", "अभिहित_कर्ता,1.2"], ["3.1", ".", "-,-"]]	1.0	1.0	1.0	True
51	आपन्न-जीविकः	[["1.1", "आपन्न-", "तत्पुरुषः,1.2"], ["1.2", "जीविकः", "कर्ता,2.1"], ["2.1", "अस्ति", "-,-"]]	Success	[["1.1", "आपन्न-", "तत्पुरुषः,1.2"], ["1.2", "जीविकः", "कर्ता,2.1"], ["2.1", "अस्ति", "अभिहित_कर्ता,1.2"], ["3.1", ".", "-,-"]]	1.0	1.0	1.0	True
52	पात्रे-समिताः	[["1.1", "पात्रे-", "सप्तमी-तत्पुरुषः,1.2"], ["1.2", "समिताः", "कर्ता,2.1"], ["2.1", "अस्ति", "-,-"]]	Success	[["1.1", "पात्रे-", "तृतीया-तत्पुरुषः,1.2"], ["1.2", "समिताः", "-,-"], ["2.1", "अस्ति", "-,-"], ["3.1", ".", "-,-"]]	0.0	1.0	0.0	True
53	पात्रे-बहुलाः	[["1.1", "पात्रे-", "सप्तमी-तत्पुरुषः,1.2"], ["1.2", "बहुलाः", "कर्ता,2.1"], ["2.1", "अस्ति", "-,-"]]	Success	[["1.1", "पात्रे-", "सप्तमी-तत्पुरुषः,1.2"], ["1.2", "बहुलाः", "-,-"], ["2.1", "अस्ति", "-,-"], ["3.1", ".", "-,-"]]	1.0	1.0	1.0	True
54	उदुम्बर-मशकाः	[["1.1", "उदुम्बर-", "सप्तमी-तत्पुरुषः,1.2"], ["1.2", "मशकाः", "कर्ता,2.1"], ["2.1", "अस्ति", "-,-"]]	Success	[["1.1", "उदुम्बर-", "सप्तमी-तत्पुरुषः,1.2"], ["1.2", "मशकाः", "-,-"], ["2.1", "अस्ति", "-,-"], ["3.1", ".", "-,-"]]	1.0	1.0	1.0	True
55	अरण्ये-तिलकाः	[["1.1", "अरण्ये-", "सप्तमी-तत्पुरुषः,1.2"], ["1.2", "तिलकाः", "कर्ता,2.1"], ["2.1", "अस्ति", "-,-"]]	Success	[["1.1", "अरण्ये-", "सप्तमी-तत्पुरुषः,1.2"], ["1.2", "तिलकाः", "-,-"], ["2.1", "अस्ति", "-,-"], ["3.1", ".", "-,-"]]	1.0	1.0	1.0	True
56	वने-कसेरुकाः	[["1.1", "वने-", "सप्तमी-तत्पुरुषः,1.2"], ["1.2", "कसेरुकाः", "कर्ता,2.1"], ["2.1", "अस्ति", "-,-"]]	Success	[["1.1", "वने-", "-,-"], ["1.2", "कसेरुकाः", "-,-"], ["2.1", "अस्ति", "-,-"], ["3.1", ".", "-,-"]]	0.0	0.0	0.0	False
57	कूपे-पिशाचकाः	[["1.1", "कूपे-", "सप्तमी-तत्पुरुषः,1.2"], ["1.2", "पिशाचकाः", "कर्ता,2.1"], ["2.1", "अस्ति", "-,-"]]	Success	[["1.1", "कूपे-", "-,-"], ["1.2", "पिशाचकाः", "-,-"], ["2.1", "अस्ति", "-,-"], ["3.1", ".", "-,-"]]	0.0	0.0	0.0	False
58	मास-देयम्	[["1.1", "मास-", "सप्तमी-तत्पुरुषः,1.2"], ["1.2", "देयम्", "कर्ता,2.1"], ["2.1", "अस्ति", "-,-"]]	Success	[["1.1", "मास-", "तृतीया-तत्पुरुषः,1.2"], ["1.2", "देयम्", "कर्ता,2.1"], ["2.1", "अस्ति", "अभिहित_कर्ता,1.2"], ["3.1", ".", "-,-"]]	0.0	1.0	0.0	True
59	संवत्सर-देयम्	[["1.1", "संवत्सर-", "सप्तमी-तत्पुरुषः,1.2"], ["1.2", "देयम्", "कर्ता,2.1"], ["2.1", "अस्ति", "-,-"]]	Success	[["1.1", "संवत्सर-", "तृतीया-तत्पुरुषः,1.2"], ["1.2", "देयम्", "कर्ता,2.1"], ["2.1", "अस्ति", "अभिहित_कर्ता,1.2"], ["3.1", ".", "-,-"]]	0.0	1.0	0.0	True
60	त्र्यह-देयम्	[["1.1", "त्र्यह-", "सप्तमी-तत्पुरुषः,1.2"], ["1.2", "देयम्", "कर्ता,2.1"], ["2.1", "अस्ति", "-,-"]]	Success	[["1.1", "त्र्यह-", "तृतीया-तत्पुरुषः,1.2"], ["1.2", "देयम्", "कर्ता,2.1"], ["2.1", "अस्ति", "अभिहित_कर्ता,1.2"], ["3.1", ".", "-,-"]]	0.0	1.0	0.0	True
61	मूहूर्त-सुखम्	[["1.1", "मूहूर्त-", "द्वितीया-तत्पुरुषः,1.2"], ["1.2", "सुखम्", "कर्ता,2.1"], ["2.1", "अस्ति", "-,-"]]	Success	[["1.1", "मूहूर्त-", "चतुर्थी-तत्पुरुषः,1.2"], ["1.2", "सुखम्", "कर्ता,2.1"], ["2.1", "अस्ति", "अभिहित_कर्ता,1.2"], ["3.1", ".", "-,-"]]	0.0	1.0	0.0	True
62	सर्वरात्र-कल्याणी	[["1.1", "सर्वरात्र-", "द्वितीया-तत्पुरुषः,1.2"], ["1.2", "कल्याणी", "कर्ता,2.1"], ["2.1", "अस्ति", "-,-"]]	Success	[["1.1", "सर्वरात्र-", "षष्ठी-तत्पुरुषः,1.2"], ["1.2", "कल्याणी", "कर्ता,2.1"], ["2.1", "अस्ति", "अभिहित_कर्ता,1.2"], ["3.1", ".", "-,-"]]	0.0	1.0	0.0	True
63	सर्वरात्र-शोभना	[["1.1", "सर्वरात्र-", "द्वितीया-तत्पुरुषः,1.2"], ["1.2", "शोभना", "कर्ता,2.1"], ["2.1", "अस्ति", "-,-"]]	Success	[["1.1", "सर्वरात्र-", "तृतीया-तत्पुरुषः,1.2"], ["1.2", "शोभना", "कर्ता,2.1"], ["2.1", "अस्ति", "अभिहित_कर्ता,1.2"], ["3.1", ".", "-,-"]]	0.0	1.0	0.0	True
64	मास-पूर्वः	[["1.1", "मास-", "तृतीया-तत्पुरुषः,1.2"], ["1.2", "पूर्वः", "कर्ता,2.1"], ["2.1", "अस्ति", "-,-"]]	Success	[["1.1", "मास-", "द्वितीया-तत्पुरुषः,1.2"], ["1.2", "पूर्वः", "कर्ता,2.1"], ["2.1", "अस्ति", "अभिहित_कर्ता,1.2"], ["3.1", ".", "-,-"]]	0.0	1.0	0.0	True
65	मातृ-सदृशः	[["1.1", "मातृ-", "तृतीया-तत्पुरुषः,1.2"], ["1.2", "सदृशः", "कर्ता,2.1"], ["2.1", "अस्ति", "-,-"]]	Success	[["1.1", "मातृ-", "तृतीया-तत्पुरुषः,1.2"], ["1.2", "सदृशः", "विशेषणम्,2.1"], ["2.1", "अस्ति", "-,-"], ["3.1", ".", "-,-"]]	1.0	1.0	1.0	True
66	पितृ-समः	[["1.1", "पितृ-", "तृतीया-तत्पुरुषः,1.2"], ["1.2", "समः", "कर्ता,2.1"], ["2.1", "अस्ति", "-,-"]]	Success	[["1.1", "पितृ-", "तृतीया-तत्पुरुषः,1.2"], ["1.2", "समः", "कर्ता,2.1"], ["2.1", "अस्ति", "अभिहित_कर्ता,1.2"], ["3.1", ".", "-,-"]]	1.0	1.0	1.0	True
67	माष-ऊनं	[["1.1", "माष-", "तृतीया-तत्पुरुषः,1.2"], ["1.2", "ऊनं", "कर्ता,2.1"], ["2.1", "अस्ति", "-,-"]]	Success	[["1.1", "माष-", "तृतीया-तत्पुरुषः,1.2"], ["1.2", "ऊनं", "कर्ता,2.1"], ["2.1", "अस्ति", "अभिहित_कर्ता,1.2"], ["3.1", ".", "-,-"]]	1.0	1.0	1.0	True
68	वाक्-कलहः	[["1.1", "वाक्-", "तृतीया-तत्पुरुषः,1.2"], ["1.2", "कलहः", "कर्ता,2.1"], ["2.1", "अस्ति", "-,-"]]	Success	[["1.1", "वाक्-", "तृतीया-तत्पुरुषः,1.2"], ["1.2", "कलहः", "कर्ता,2.1"], ["2.1", "अस्ति", "अभिहित_कर्ता,1.2"], ["3.1", ".", "-,-"]]	1.0	1.0	1.0	True
69	आचार-निपुणः	[["1.1", "आचार-", "तृतीया-तत्पुरुषः,1.2"], ["1.2", "निपुणः", "कर्ता,2.1"], ["2.1", "अस्ति", "-,-"]]	Success	[["1.1", "आचार-", "तृतीया-तत्पुरुषः,1.2"], ["1.2", "निपुणः", "कर्ता,2.1"], ["2.1", "अस्ति", "अभिहित_कर्ता,1.2"], ["3.1", ".", "-,-"]]	1.0	1.0	1.0	True
70	गुड-मिश्रः	[["1.1", "गुड-", "तृतीया-तत्पुरुषः,1.2"], ["1.2", "मिश्रः", "कर्ता,2.1"], ["2.1", "अस्ति", "-,-"]]	Success	[["1.1", "गुड-", "तृतीया-तत्पुरुषः,1.2"], ["1.2", "मिश्रः", "कर्ता,2.1"], ["2.1", "अस्ति", "अभिहित_कर्ता,1.2"], ["3.1", ".", "-,-"]]	1.0	1.0	1.0	True
71	आचार-श्लक्ष्णः	[["1.1", "आचार-", "तृतीया-तत्पुरुषः,1.2"], ["1.2", "श्लक्ष्णः", "कर्ता,2.1"], ["2.1", "अस्ति", "-,-"]]	Success	[["1.1", "आचार-", "तृतीया-तत्पुरुषः,1.2"], ["1.2", "श्लक्ष्णः", "कर्ता,2.1"], ["2.1", "अस्ति", "अभिहित_कर्ता,1.2"], ["3.1", ".", "-,-"]]	1.0	1.0	1.0	True
72	दधि-ओदनः	[["1.1", "दधि-", "तृतीया-तत्पुरुषः,1.2"], ["1.2", "ओदनः", "कर्ता,2.1"], ["2.1", "अस्ति", "-,-"]]	Success	[["1.1", "दधि-", "तृतीया-तत्पुरुषः,1.2"], ["1.2", "ओदनः", "कर्ता,2.1"], ["2.1", "अस्ति", "अभिहित_कर्ता,1.2"], ["3.1", ".", "-,-"]]	1.0	1.0	1.0	True
73	क्षीर-ओदनः	[["1.1", "क्षीर-", "तृतीया-तत्पुरुषः,1.2"], ["1.2", "ओदनः", "कर्ता,2.1"], ["2.1", "अस्ति", "-,-"]]	Success	[["1.1", "क्षीर-", "तृतीया-तत्पुरुषः,1.2"], ["1.2", "ओदनः", "कर्ता,2.1"], ["2.1", "अस्ति", "अभिहित_कर्ता,1.2"], ["3.1", ".", "-,-"]]	1.0	1.0	1.0	True
74	गुड-धानाः	[["1.1", "गुड-", "तृतीया-तत्पुरुषः,1.2"], ["1.2", "धानाः", "कर्ता,2.1"], ["2.1", "अस्ति", "-,-"]]	Success	[["1.1", "गुड-", "तृतीया-तत्पुरुषः,1.2"], ["1.2", "धानाः", "-,-"], ["2.1", "अस्ति", "-,-"], ["3.1", ".", "-,-"]]	1.0	1.0	1.0	True
75	गुड-पृथुकाः	[["1.1", "गुड-", "तृतीया-तत्पुरुषः,1.2"], ["1.2", "पृथुकाः", "कर्ता,2.1"], ["2.1", "अस्ति", "-,-"]]	Success	[["1.1", "गुड-", "तृतीया-तत्पुरुषः,1.2"], ["1.2", "पृथुकाः", "-,-"], ["2.1", "अस्ति", "-,-"], ["3.1", ".", "-,-"]]	1.0	1.0	1.0	True
76	वृक-भयम्	[["1.1", "वृक-", "पञ्चमी-तत्पुरुषः,1.2"], ["1.2", "भयम्", "कर्ता,2.1"], ["2.1", "अस्ति", "-,-"]]	Success	[["1.1", "वृक-", "पञ्चमी-तत्पुरुषः,1.2"], ["1.2", "भयम्", "कर्ता,2.1"], ["2.1", "अस्ति", "अभिहित_कर्ता,1.2"], ["3.1", ".", "-,-"]]	1.0	1.0	1.0	True
77	चौर-भयम्	[["1.1", "चौर-", "पञ्चमी-तत्पुरुषः,1.2"], ["1.2", "भयम्", "कर्ता,2.1"], ["2.1", "अस्ति", "-,-"]]	Success	[["1.1", "चौर-", "पञ्चमी-तत्पुरुषः,1.2"], ["1.2", "भयम्", "कर्ता,2.1"], ["2.1", "अस्ति", "अभिहित_कर्ता,1.2"], ["3.1", ".", "-,-"]]	1.0	1.0	1.0	True
78	दस्यु-भयम्	[["1.1", "दस्यु-", "पञ्चमी-तत्पुरुषः,1.2"], ["1.2", "भयम्", "कर्ता,2.1"], ["2.1", "अस्ति", "-,-"]]	Success	[["1.1", "दस्यु-", "पञ्चमी-तत्पुरुषः,1.2"], ["1.2", "भयम्", "कर्ता,2.1"], ["2.1", "अस्ति", "अभिहित_कर्ता,1.2"], ["3.1", ".", "-,-"]]	1.0	1.0	1.0	True
79	अक्ष-शौण्डः	[["1.1", "अक्ष-", "सप्तमी-तत्पुरुषः,1.2"], ["1.2", "शौण्डः", "कर्ता,2.1"], ["2.1", "अस्ति", "-,-"]]	Success	[["1.1", "अक्ष-", "सप्तमी-तत्पुरुषः,1.2"], ["1.2", "शौण्डः", "कर्ता,2.1"], ["2.1", "अस्ति", "अभिहित_कर्ता,1.2"], ["3.1", ".", "-,-"]]	1.0	1.0	1.0	True
80	अक्ष-धूर्तः	[["1.1", "अक्ष-", "सप्तमी-तत्पुरुषः,1.2"], ["1.2", "धूर्तः", "कर्ता,2.1"], ["2.1", "अस्ति", "-,-"]]	Success	[["1.1", "अक्ष-", "सप्तमी-तत्पुरुषः,1.2"], ["1.2", "धूर्तः", "कर्ता,2.1"], ["2.1", "अस्ति", "अभिहित_कर्ता,1.2"], ["3.1", ".", "-,-"]]	1.0	1.0	1.0	True
81	अक्ष-कितवः	[["1.1", "अक्ष-", "सप्तमी-तत्पुरुषः,1.2"], ["1.2", "कितवः", "कर्ता,2.1"], ["2.1", "अस्ति", "-,-"]]	Success	[["1.1", "अक्ष-", "सप्तमी-तत्पुरुषः,1.2"], ["1.2", "कितवः", "कर्ता,2.1"], ["2.1", "अस्ति", "अभिहित_कर्ता,1.2"], ["3.1", ".", "-,-"]]	1.0	1.0	1.0	True
82	सांकाश्य-सिद्धः	[["1.1", "सांकाश्य-", "सप्तमी-तत्पुरुषः,1.2"], ["1.2", "सिद्धः", "कर्ता,2.1"], ["2.1", "अस्ति", "-,-"]]	Success	[["1.1", "सांकाश्य-", "तृतीया-तत्पुरुषः,1.2"], ["1.2", "सिद्धः", "कर्ता,2.1"], ["2.1", "अस्ति", "अभिहित_कर्ता,1.2"], ["3.1", ".", "-,-"]]	0.0	1.0	0.0	True
83	आतप-शुष्कः	[["1.1", "आतप-", "सप्तमी-तत्पुरुषः,1.2"], ["1.2", "शुष्कः", "कर्ता,2.1"], ["2.1", "अस्ति", "-,-"]]	Success	[["1.1", "आतप-", "सप्तमी-तत्पुरुषः,1.2"], ["1.2", "शुष्कः", "कर्ता,2.1"], ["2.1", "अस्ति", "अभिहित_कर्ता,1.2"], ["3.1", ".", "-,-"]]	1.0	1.0	1.0	True
84	स्थाली-पक्वः	[["1.1", "स्थाली-", "सप्तमी-तत्पुरुषः,1.2"], ["1.2", "पक्वः", "कर्ता,2.1"], ["2.1", "अस्ति", "-,-"]]	Success	[["1.1", "स्थाली-", "तृतीया-तत्पुरुषः,1.2"], ["1.2", "पक्वः", "कर्ता,2.1"], ["2.1", "अस्ति", "अभिहित_कर्ता,1.2"], ["3.1", ".", "-,-"]]	0.0	1.0	0.0	True
85	चक्र-बन्धः	[["1.1", "चक्र-", "सप्तमी-तत्पुरुषः,1.2"], ["1.2", "बन्धः", "कर्ता,2.1"], ["2.1", "अस्ति", "-,-"]]	Success	[["1.1", "चक्र-", "सप्तमी-तत्पुरुषः,1.2"], ["1.2", "बन्धः", "कर्ता,2.1"], ["2.1", "अस्ति", "अभिहित_कर्ता,1.2"], ["3.1", ".", "-,-"]]	1.0	1.0	1.0	True
86	तीर्थ-ध्वाङ्क्षः	[["1.1", "तीर्थ-", "सप्तमी-तत्पुरुषः,1.2"], ["1.2", "ध्वाङ्क्षः", "कर्ता,2.1"], ["2.1", "अस्ति", "-,-"]]	Success	[["1.1", "तीर्थ-", "सप्तमी-तत्पुरुषः,1.2"], ["1.2", "ध्वाङ्क्षः", "कर्ता,2.1"], ["2.1", "अस्ति", "अभिहित_कर्ता,1.2"], ["3.1", ".", "-,-"]]	1.0	1.0	1.0	True
87	तीर्थ-काकः	[["1.1", "तीर्थ-", "सप्तमी-तत्पुरुषः,1.2"], ["1.2", "काकः", "कर्ता,2.1"], ["2.1", "अस्ति", "-,-"]]	Success	[["1.1", "तीर्थ-", "सप्तमी-तत्पुरुषः,1.2"], ["1.2", "काकः", "कर्ता,2.1"], ["2.1", "अस्ति", "अभिहित_कर्ता,1.2"], ["3.1", ".", "-,-"]]	1.0	1.0	1.0	True
88	तीर्थ-वायसः	[["1.1", "तीर्थ-", "सप्तमी-तत्पुरुषः,1.2"], ["1.2", "वायसः", "कर्ता,2.1"], ["2.1", "अस्ति", "-,-"]]	Success	[["1.1", "तीर्थ-", "सप्तमी-तत्पुरुषः,1.2"], ["1.2", "वायसः", "कर्ता,2.1"], ["2.1", "अस्ति", "अभिहित_कर्ता,1.2"], ["3.1", ".", "-,-"]]	1.0	1.0	1.0	True
89	शङ्कुला-खण्डः	[["1.1", "शङ्कुला-", "तृतीया-तत्पुरुषः,1.2"], ["1.2", "खण्डः", "कर्ता,2.1"], ["2.1", "अस्ति", "-,-"]]	Success	[["1.1", "शङ्कुला-", "षष्ठी-तत्पुरुषः,1.2"], ["1.2", "खण्डः", "कर्ता,2.1"], ["2.1", "अस्ति", "अभिहित_कर्ता,1.2"], ["3.1", ".", "-,-"]]	0.0	1.0	0.0	True
90	यूप-दारु	[["1.1", "यूप-", "चतुर्थी-तत्पुरुषः,1.2"], ["1.2", "दारु", "कर्ता,2.1"], ["2.1", "अस्ति", "-,-"]]	Success	[["1.1", "यूप-", "चतुर्थी-तत्पुरुषः,1.2"], ["1.2", "दारु", "कर्ता,2.1"], ["2.1", "अस्ति", "अभिहित_कर्ता,1.2"], ["3.1", ".", "-,-"]]	1.0	1.0	1.0	True
91	भूत-बलिः	[["1.1", "भूत-", "चतुर्थी-तत्पुरुषः,1.2"], ["1.2", "बलिः", "कर्ता,2.1"], ["2.1", "अस्ति", "-,-"]]	Success	[["1.1", "भूत-", "चतुर्थी-तत्पुरुषः,1.2"], ["1.2", "बलिः", "कर्ता,2.1"], ["2.1", "अस्ति", "अभिहित_कर्ता,1.2"], ["3.1", ".", "-,-"]]	1.0	1.0	1.0	True
92	गो-हितम्	[["1.1", "गो-", "चतुर्थी-तत्पुरुषः,1.2"], ["1.2", "हितम्", "कर्ता,2.1"], ["2.1", "अस्ति", "-,-"]]	Success	[["1.1", "गो-", "तृतीया-तत्पुरुषः,1.2"], ["1.2", "हितम्", "कर्ता,2.1"], ["2.1", "अस्ति", "अभिहित_कर्ता,1.2"], ["3.1", ".", "-,-"]]	0.0	1.0	0.0	True
93	गो-सुखम्	[["1.1", "गो-", "चतुर्थी-तत्पुरुषः,1.2"], ["1.2", "सुखम्", "कर्ता,2.1"], ["2.1", "अस्ति", "-,-"]]	Success	[["1.1", "गो-", "चतुर्थी-तत्पुरुषः,1.2"], ["1.2", "सुखम्", "कर्ता,2.1"], ["2.1", "अस्ति", "अभिहित_कर्ता,1.2"], ["3.1", ".", "-,-"]]	1.0	1.0	1.0	True
94	गो-रक्षितम्	[["1.1", "गो-", "चतुर्थी-तत्पुरुषः,1.2"], ["1.2", "रक्षितम्", "कर्ता,2.1"], ["2.1", "अस्ति", "-,-"]]	Success	[["1.1", "गो-", "चतुर्थी-तत्पुरुषः,1.2"], ["1.2", "रक्षितम्", "कर्ता,2.1"], ["2.1", "अस्ति", "अभिहित_कर्ता,1.2"], ["3.1", ".", "-,-"]]	1.0	1.0	1.0	True
95	युव-खलतिः	[["1.1", "युव-", "कर्मधारयः,1.2"], ["1.2", "खलतिः", "कर्ता,2.1"], ["2.1", "अस्ति", "-,-"]]	Success	[["1.1", "युव-", "कर्मधारयः,1.2"], ["1.2", "खलतिः", "कर्ता,2.1"], ["2.1", "अस्ति", "अभिहित_कर्ता,1.2"], ["3.1", ".", "-,-"]]	1.0	1.0	1.0	True
96	युव-खलती	[["1.1", "युव-", "कर्मधारयः,1.2"], ["1.2", "खलती", "कर्ता,2.1"], ["2.1", "अस्ति", "-,-"]]	Success	[["1.1", "युव-", "कर्मधारयः,1.2"], ["1.2", "खलती", "-,-"], ["2.1", "अस्ति", "-,-"], ["3.1", ".", "-,-"]]	1.0	1.0	1.0	True
97	युव-पलितः	[["1.1", "युव-", "कर्मधारयः,1.2"], ["1.2", "पलितः", "कर्ता,2.1"], ["2.1", "अस्ति", "-,-"]]	Success	[["1.1", "युव-", "कर्मधारयः,1.2"], ["1.2", "पलितः", "कर्ता,2.1"], ["2.1", "अस्ति", "अभिहित_कर्ता,1.2"], ["3.1", ".", "-,-"]]	1.0	1.0	1.0	True
98	युव-पलिता	[["1.1", "युव-", "कर्मधारयः,1.2"], ["1.2", "पलिता", "कर्ता,2.1"], ["2.1", "अस्ति", "-,-"]]	Success	[["1.1", "युव-", "षष्ठी-तत्पुरुषः,1.2"], ["1.2", "पलिता", "कर्ता,2.1"], ["2.1", "अस्ति", "अभिहित_कर्ता,1.2"], ["3.1", ".", "-,-"]]	0.0	1.0	0.0	True
99	युव-वलिनः	[["1.1", "युव-", "कर्मधारयः,1.2"], ["1.2", "वलिनः", "कर्ता,2.1"], ["2.1", "अस्ति", "-,-"]]	Success	[["1.1", "युव-", "कर्मधारयः,1.2"], ["1.2", "वलिनः", "कर्ता,2.1"], ["2.1", "अस्ति", "अभिहित_कर्ता,1.2"], ["3.1", ".", "-,-"]]	1.0	1.0	1.0	True
100	युव-वलिना	[["1.1", "युव-", "कर्मधारयः,1.2"], ["1.2", "वलिना", "कर्ता,2.1"], ["2.1", "अस्ति", "-,-"]]	Success	[["1.1", "युव-", "षष्ठी-तत्पुरुषः,1.2"], ["1.2", "वलिना", "कर्ता,2.1"], ["2.1", "अस्ति", "अभिहित_कर्ता,1.2"], ["3.1", ".", "-,-"]]	0.0	1.0	0.0	True
101	युव-जरन्	[["1.1", "युव-", "कर्मधारयः,1.2"], ["1.2", "जरन्", "कर्ता,2.1"], ["2.1", "अस्ति", "-,-"]]	Success	[["1.1", "युव-", "-,-"], ["1.2", "जरन्", "-,-"], ["2.1", "अस्ति", "-,-"], ["3.1", ".", "-,-"]]	0.0	0.0	0.0	False
102	युव-जरती	[["1.1", "युव-", "कर्मधारयः,1.2"], ["1.2", "जरती", "कर्ता,2.1"], ["2.1", "अस्ति", "-,-"]]	Success	[["1.1", "युव-", "-,-"], ["1.2", "जरती", "-,-"], ["2.1", "अस्ति", "-,-"], ["3.1", ".", "-,-"]]	0.0	0.0	0.0	False
103	एक-शाटी	[["1.1", "एक-", "तत्पुरुषः,1.2"], ["1.2", "शाटी", "कर्ता,2.1"], ["2.1", "अस्ति", "-,-"]]	Success	[["1.1", "एक-", "तत्पुरुषः,1.2"], ["1.2", "शाटी", "कर्ता,2.1"], ["2.1", "अस्ति", "अभिहित_कर्ता,1.2"], ["3.1", ".", "-,-"]]	1.0	1.0	1.0	True
104	एक-भिक्षा	[["1.1", "एक-", "तत्पुरुषः,1.2"], ["1.2", "भिक्षा", "कर्ता,2.1"], ["2.1", "अस्ति", "-,-"]]	Success	[["1.1", "एक-", "तत्पुरुषः,1.2"], ["1.2", "भिक्षा", "कर्ता,2.1"], ["2.1", "अस्ति", "अभिहित_कर्ता,1.2"], ["3.1", ".", "-,-"]]	1.0	1.0	1.0	True
105	सर्व-देवाः	[["1.1", "सर्व-", "तत्पुरुषः,1.2"], ["1.2", "देवाः", "कर्ता,2.1"], ["2.1", "अस्ति", "-,-"]]	Success	[["1.1", "सर्व-", "तत्पुरुषः,1.2"], ["1.2", "देवाः", "-,-"], ["2.1", "अस्ति", "-,-"], ["3.1", ".", "-,-"]]	1.0	1.0	1.0	True
106	सर्व-मनुष्याः	[["1.1", "सर्व-", "तत्पुरुषः,1.2"], ["1.2", "मनुष्याः", "कर्ता,2.1"], ["2.1", "अस्ति", "-,-"]]	Success	[["1.1", "सर्व-", "तत्पुरुषः,1.2"], ["1.2", "मनुष्याः", "-,-"], ["2.1", "अस्ति", "-,-"], ["3.1", ".", "-,-"]]	1.0	1.0	1.0	True
107	जरद्-हस्ति	[["1.1", "जरद्-", "तत्पुरुषः,1.2"], ["1.2", "हस्ति", "कर्ता,2.1"], ["2.1", "अस्ति", "-,-"]]	Success	[["1.1", "जरद्-", "कर्मधारयः,1.2"], ["1.2", "हस्ति", "कर्ता,2.1"], ["2.1", "अस्ति", "अभिहित_कर्ता,1.2"], ["3.1", ".", "-,-"]]	0.0	1.0	0.0	True
108	जरद्-गृष्टिः	[["1.1", "जरद्-", "तत्पुरुषः,1.2"], ["1.2", "गृष्टिः", "कर्ता,2.1"], ["2.1", "अस्ति", "-,-"]]	Success	[["1.1", "जरद्-", "षष्ठी-तत्पुरुषः,1.2"], ["1.2", "गृष्टिः", "कर्ता,2.1"], ["2.1", "अस्ति", "अभिहित_कर्ता,1.2"], ["3.1", ".", "-,-"]]	0.0	1.0	0.0	True
109	जरद्-वृत्तिः	[["1.1", "जरद्-", "तत्पुरुषः,1.2"], ["1.2", "वृत्तिः", "कर्ता,2.1"], ["2.1", "अस्ति", "-,-"]]	Success	[["1.1", "जरद्-", "षष्ठी-तत्पुरुषः,1.2"], ["1.2", "वृत्तिः", "कर्ता,2.1"], ["2.1", "अस्ति", "अभिहित_कर्ता,1.2"], ["3.1", ".", "-,-"]]	0.0	1.0	0.0	True
110	पुराण-अन्नम्	[["1.1", "पुराण-", "तत्पुरुषः,1.2"], ["1.2", "अन्नम्", "कर्ता,2.1"], ["2.1", "अस्ति", "-,-"]]	Success	[["1.1", "पुराण-", "तृतीया-तत्पुरुषः,1.2"], ["1.2", "अन्नम्", "कर्ता,2.1"], ["2.1", "अस्ति", "अभिहित_कर्ता,1.2"], ["3.1", ".", "-,-"]]	0.0	1.0	0.0	True
111	पुराण-अवसथम्	[["1.1", "पुराण-", "तत्पुरुषः,1.2"], ["1.2", "अवसथम्", "कर्ता,2.1"], ["2.1", "अस्ति", "-,-"]]	Success	[["1.1", "पुराण-", "तत्पुरुषः,1.2"], ["1.2", "अवसथम्", "कर्ता,2.1"], ["2.1", "अस्ति", "अभिहित_कर्ता,1.2"], ["3.1", ".", "-,-"]]	1.0	1.0	1.0	True
112	नव-अन्नम्	[["1.1", "नव-", "तत्पुरुषः,1.2"], ["1.2", "अन्नम्", "कर्ता,2.1"], ["2.1", "अस्ति", "-,-"]]	Success	[["1.1", "नव-", "तृतीया-तत्पुरुषः,1.2"], ["1.2", "अन्नम्", "कर्ता,2.1"], ["2.1", "अस्ति", "अभिहित_कर्ता,1.2"], ["3.1", ".", "-,-"]]	0.0	1.0	0.0	True
113	नव-अवसथम्	[["1.1", "नव-", "तत्पुरुषः,1.2"], ["1.2", "अवसथम्", "कर्ता,2.1"], ["2.1", "अस्ति", "-,-"]]	Success	[["1.1", "नव-", "तत्पुरुषः,1.2"], ["1.2", "अवसथम्", "कर्ता,2.1"], ["2.1", "अस्ति", "अभिहित_कर्ता,1.2"], ["3.1", ".", "-,-"]]	1.0	1.0	1.0	True
114	केवल-अन्नम्	[["1.1", "केवल-", "तत्पुरुषः,1.2"], ["1.2", "अन्नम्", "कर्ता,2.1"], ["2.1", "अस्ति", "-,-"]]	Success	[["1.1", "केवल-", "तृतीया-तत्पुरुषः,1.2"], ["1.2", "अन्नम्", "कर्ता,2.1"], ["2.1", "अस्ति", "अभिहित_कर्ता,1.2"], ["3.1", ".", "-,-"]]	0.0	1.0	0.0	True
115	पूर्व-पुरुषः	[["1.1", "पूर्व-", "कर्मधारयः,1.2"], ["1.2", "पुरुषः", "कर्ता,2.1"], ["2.1", "अस्ति", "-,-"]]	Success	[["1.1", "पूर्व-", "तत्पुरुषः,1.2"], ["1.2", "पुरुषः", "कर्ता,2.1"], ["2.1", "अस्ति", "अभिहित_कर्ता,1.2"], ["3.1", ".", "-,-"]]	0.0	1.0	0.0	True
116	अपर-पुरुषः	[["1.1", "अपर-", "कर्मधारयः,1.2"], ["1.2", "पुरुषः", "कर्ता,2.1"], ["2.1", "अस्ति", "-,-"]]	Success	[["1.1", "अपर-", "तत्पुरुषः,1.2"], ["1.2", "पुरुषः", "कर्ता,2.1"], ["2.1", "अस्ति", "अभिहित_कर्ता,1.2"], ["3.1", ".", "-,-"]]	0.0	1.0	0.0	True
117	प्रथम-पुरुषः	[["1.1", "प्रथम-", "कर्मधारयः,1.2"], ["1.2", "पुरुषः", "कर्ता,2.1"], ["2.1", "अस्ति", "-,-"]]	Success	[["1.1", "प्रथम-", "कर्मधारयः,1.2"], ["1.2", "पुरुषः", "कर्ता,2.1"], ["2.1", "अस्ति", "अभिहित_कर्ता,1.2"], ["3.1", ".", "-,-"]]	1.0	1.0	1.0	True
118	चरम-पुरुषः	[["1.1", "चरम-", "कर्मधारयः,1.2"], ["1.2", "पुरुषः", "कर्ता,2.1"], ["2.1", "अस्ति", "-,-"]]	Success	[["1.1", "चरम-", "कर्मधारयः,1.2"], ["1.2", "पुरुषः", "कर्ता,2.1"], ["2.1", "अस्ति", "अभिहित_कर्ता,1.2"], ["3.1", ".", "-,-"]]	1.0	1.0	1.0	True
119	जघन्य-पुरुषः	[["1.1", "जघन्य-", "कर्मधारयः,1.2"], ["1.2", "पुरुषः", "कर्ता,2.1"], ["2.1", "अस्ति", "-,-"]]	Success	[["1.1", "जघन्य-", "कर्मधारयः,1.2"], ["1.2", "पुरुषः", "कर्ता,2.1"], ["2.1", "अस्ति", "अभिहित_कर्ता,1.2"], ["3.1", ".", "-,-"]]	1.0	1.0	1.0	True
120	समान-पुरुषः	[["1.1", "समान-", "कर्मधारयः,1.2"], ["1.2", "पुरुषः", "कर्ता,2.1"], ["2.1", "अस्ति", "-,-"]]	Success	[["1.1", "समान-", "कर्मधारयः,1.2"], ["1.2", "पुरुषः", "कर्ता,2.1"], ["2.1", "अस्ति", "अभिहित_कर्ता,1.2"], ["3.1", ".", "-,-"]]	1.0	1.0	1.0	True
121	मध्य-पुरुषः	[["1.1", "मध्य-", "कर्मधारयः,1.2"], ["1.2", "पुरुषः", "कर्ता,2.1"], ["2.1", "अस्ति", "-,-"]]	Success	[["1.1", "मध्य-", "कर्मधारयः,1.2"], ["1.2", "पुरुषः", "कर्ता,2.1"], ["2.1", "अस्ति", "अभिहित_कर्ता,1.2"], ["3.1", ".", "-,-"]]	1.0	1.0	1.0	True
122	मध्यम-पुरुषः	[["1.1", "मध्यम-", "कर्मधारयः,1.2"], ["1.2", "पुरुषः", "कर्ता,2.1"], ["2.1", "अस्ति", "-,-"]]	Success	[["1.1", "मध्यम-", "कर्मधारयः,1.2"], ["1.2", "पुरुषः", "कर्ता,2.1"], ["2.1", "अस्ति", "अभिहित_कर्ता,1.2"], ["3.1", ".", "-,-"]]	1.0	1.0	1.0	True
123	वीर-पुरुषः	[["1.1", "वीर-", "कर्मधारयः,1.2"], ["1.2", "पुरुषः", "कर्ता,2.1"], ["2.1", "अस्ति", "-,-"]]	Success	[["1.1", "वीर-", "कर्मधारयः,1.2"], ["1.2", "पुरुषः", "कर्ता,2.1"], ["2.1", "अस्ति", "अभिहित_कर्ता,1.2"], ["3.1", ".", "-,-"]]	1.0	1.0	1.0	True
124	सत्-पुरुषः	[["1.1", "सत्-", "कर्मधारयः,1.2"], ["1.2", "पुरुषः", "कर्ता,2.1"], ["2.1", "अस्ति", "-,-"]]	Success	[["1.1", "सत्-", "कर्मधारयः,1.2"], ["1.2", "पुरुषः", "कर्ता,2.1"], ["2.1", "अस्ति", "अभिहित_कर्ता,1.2"], ["3.1", ".", "-,-"]]	1.0	1.0	1.0	True
125	महा-पुरुषः	[["1.1", "महा-", "कर्मधारयः,1.2"], ["1.2", "पुरुषः", "कर्ता,2.1"], ["2.1", "अस्ति", "-,-"]]	Success	[["1.1", "महा-", "कर्मधारयः,1.2"], ["1.2", "पुरुषः", "कर्ता,2.1"], ["2.1", "अस्ति", "अभिहित_कर्ता,1.2"], ["3.1", ".", "-,-"]]	1.0	1.0	1.0	True
126	परम-पुरुषः	[["1.1", "परम-", "कर्मधारयः,1.2"], ["1.2", "पुरुषः", "कर्ता,2.1"], ["2.1", "अस्ति", "-,-"]]	Success	[["1.1", "परम-", "कर्मधारयः,1.2"], ["1.2", "पुरुषः", "कर्ता,2.1"], ["2.1", "अस्ति", "अभिहित_कर्ता,1.2"], ["3.1", ".", "-,-"]]	1.0	1.0	1.0	True
127	उत्तम-पुरुषः	[["1.1", "उत्तम-", "कर्मधारयः,1.2"], ["1.2", "पुरुषः", "कर्ता,2.1"], ["2.1", "अस्ति", "-,-"]]	Success	[["1.1", "उत्तम-", "कर्मधारयः,1.2"], ["1.2", "पुरुषः", "कर्ता,2.1"], ["2.1", "अस्ति", "अभिहित_कर्ता,1.2"], ["3.1", ".", "-,-"]]	1.0	1.0	1.0	True
128	उत्कृष्ट-पुरुषः	[["1.1", "उत्कृष्ट-", "कर्मधारयः,1.2"], ["1.2", "पुरुषः", "कर्ता,2.1"], ["2.1", "अस्ति", "-,-"]]	Success	[["1.1", "उत्कृष्ट-", "कर्मधारयः,1.2"], ["1.2", "पुरुषः", "कर्ता,2.1"], ["2.1", "अस्ति", "अभिहित_कर्ता,1.2"], ["3.1", ".", "-,-"]]	1.0	1.0	1.0	True
129	कतर-कठः	[["1.1", "कतर-", "कर्मधारयः,1.2"], ["1.2", "कठः", "कर्ता,2.1"], ["2.1", "अस्ति", "-,-"]]	Success	[["1.1", "कतर-", "कर्मधारयः,1.2"], ["1.2", "कठः", "कर्ता,2.1"], ["2.1", "अस्ति", "अभिहित_कर्ता,1.2"], ["3.1", ".", "-,-"]]	1.0	1.0	1.0	True
130	कतर-कालापः	[["1.1", "कतर-", "कर्मधारयः,1.2"], ["1.2", "कालापः", "कर्ता,2.1"], ["2.1", "अस्ति", "-,-"]]	Success	[["1.1", "कतर-", "-,-"], ["1.2", "कालापः", "-,-"], ["2.1", "अस्ति", "-,-"], ["3.1", ".", "-,-"]]	0.0	0.0	0.0	False
131	कतम-कठः	[["1.1", "कतम-", "कर्मधारयः,1.2"], ["1.2", "कठः", "कर्ता,2.1"], ["2.1", "अस्ति", "-,-"]]	Success	[["1.1", "कतम-", "कर्मधारयः,1.2"], ["1.2", "कठः", "कर्ता,2.1"], ["2.1", "अस्ति", "अभिहित_कर्ता,1.2"], ["3.1", ".", "-,-"]]	1.0	1.0	1.0	True
132	कतम-कालापः	[["1.1", "कतम-", "कर्मधारयः,1.2"], ["1.2", "कालापः", "कर्ता,2.1"], ["2.1", "अस्ति", "-,-"]]	Success	[["1.1", "कतम-", "-,-"], ["1.2", "कालापः", "-,-"], ["2.1", "अस्ति", "-,-"], ["3.1", ".", "-,-"]]	0.0	0.0	0.0	False
133	किं-राजा	[["1.1", "किं-", "कर्मधारयः,1.2"], ["1.2", "राजा", "कर्ता,2.1"], ["2.1", "अस्ति", "-,-"]]	Success	[["1.1", "किं-", "षष्ठी-तत्पुरुषः,1.2"], ["1.2", "राजा", "कर्ता,2.1"], ["2.1", "अस्ति", "अभिहित_कर्ता,1.2"], ["3.1", ".", "-,-"]]	0.0	1.0	0.0	True
134	किं-सखा	[["1.1", "किं-", "कर्मधारयः,1.2"], ["1.2", "सखा", "कर्ता,2.1"], ["2.1", "अस्ति", "-,-"]]	Success	[["1.1", "किं-", "षष्ठी-तत्पुरुषः,1.2"], ["1.2", "सखा", "कर्ता,2.1"], ["2.1", "अस्ति", "अभिहित_कर्ता,1.2"], ["3.1", ".", "-,-"]]	0.0	1.0	0.0	True
135	किं-गौः	[["1.1", "किं-", "कर्मधारयः,1.2"], ["1.2", "गौः", "कर्ता,2.1"], ["2.1", "अस्ति", "-,-"]]	Success	[["1.1", "किं-", "षष्ठी-तत्पुरुषः,1.2"], ["1.2", "गौः", "कर्ता,2.1"], ["2.1", "अस्ति", "अभिहित_कर्ता,1.2"], ["3.1", ".", "-,-"]]	0.0	1.0	0.0	True
136	पाप-नापितः	[["1.1", "पाप-", "कर्मधारयः,1.2"], ["1.2", "नापितः", "कर्ता,2.1"], ["2.1", "अस्ति", "-,-"]]	Success	[["1.1", "पाप-", "कर्मधारयः,1.2"], ["1.2", "नापितः", "कर्ता,2.1"], ["2.1", "अस्ति", "अभिहित_कर्ता,1.2"], ["3.1", ".", "-,-"]]	1.0	1.0	1.0	True
137	पाप-कुलालः	[["1.1", "पाप-", "कर्मधारयः,1.2"], ["1.2", "कुलालः", "कर्ता,2.1"], ["2.1", "अस्ति", "-,-"]]	Success	[["1.1", "पाप-", "कर्मधारयः,1.2"], ["1.2", "कुलालः", "कर्ता,2.1"], ["2.1", "अस्ति", "अभिहित_कर्ता,1.2"], ["3.1", ".", "-,-"]]	1.0	1.0	1.0	True
138	अणक-नापितः	[["1.1", "अणक-", "कर्मधारयः,1.2"], ["1.2", "नापितः", "कर्ता,2.1"], ["2.1", "अस्ति", "-,-"]]	Success	[["1.1", "अणक-", "कर्मधारयः,1.2"], ["1.2", "नापितः", "कर्ता,2.1"], ["2.1", "अस्ति", "अभिहित_कर्ता,1.2"], ["3.1", ".", "-,-"]]	1.0	1.0	1.0	True
139	अणक-कुलालः	[["1.1", "अणक-", "कर्मधारयः,1.2"], ["1.2", "कुलालः", "कर्ता,2.1"], ["2.1", "अस्ति", "-,-"]]	Success	[["1.1", "अणक-", "कर्मधारयः,1.2"], ["1.2", "कुलालः", "कर्ता,2.1"], ["2.1", "अस्ति", "अभिहित_कर्ता,1.2"], ["3.1", ".", "-,-"]]	1.0	1.0	1.0	True
140	कुमार-श्रमणा	[["1.1", "कुमार-", "कर्मधारयः,1.2"], ["1.2", "श्रमणा", "कर्ता,2.1"], ["2.1", "अस्ति", "-,-"]]	Success	[["1.1", "कुमार-", "तृतीया-तत्पुरुषः,1.2"], ["1.2", "श्रमणा", "कर्ता,2.1"], ["2.1", "अस्ति", "अभिहित_कर्ता,1.2"], ["3.1", ".", "-,-"]]	0.0	1.0	0.0	True
141	गो-वृन्दारकः	[["1.1", "गो-", "कर्मधारयः,1.2"], ["1.2", "वृन्दारकः", "कर्ता,2.1"], ["2.1", "अस्ति", "-,-"]]	Success	[["1.1", "गो-", "कर्मधारयः,1.2"], ["1.2", "वृन्दारकः", "कर्ता,2.1"], ["2.1", "अस्ति", "अभिहित_कर्ता,1.2"], ["3.1", ".", "-,-"]]	1.0	1.0	1.0	True
142	अश्व-वृन्दारकः	[["1.1", "अश्व-", "कर्मधारयः,1.2"], ["1.2", "वृन्दारकः", "कर्ता,2.1"], ["2.1", "अस्ति", "-,-"]]	Success	[["1.1", "अश्व-", "कर्मधारयः,1.2"], ["1.2", "वृन्दारकः", "कर्ता,2.1"], ["2.1", "अस्ति", "अभिहित_कर्ता,1.2"], ["3.1", ".", "-,-"]]	1.0	1.0	1.0	True
143	गो-नागः	[["1.1", "गो-", "कर्मधारयः,1.2"], ["1.2", "नागः", "कर्ता,2.1"], ["2.1", "अस्ति", "-,-"]]	Success	[["1.1", "गो-", "कर्मधारयः,1.2"], ["1.2", "नागः", "कर्ता,2.1"], ["2.1", "अस्ति", "अभिहित_कर्ता,1.2"], ["3.1", ".", "-,-"]]	1.0	1.0	1.0	True
144	अश्व-नागः	[["1.1", "अश्व-", "कर्मधारयः,1.2"], ["1.2", "नागः", "कर्ता,2.1"], ["2.1", "अस्ति", "-,-"]]	Success	[["1.1", "अश्व-", "कर्मधारयः,1.2"], ["1.2", "नागः", "कर्ता,2.1"], ["2.1", "अस्ति", "अभिहित_कर्ता,1.2"], ["3.1", ".", "-,-"]]	1.0	1.0	1.0	True
145	गो-कुञ्जरः	[["1.1", "गो-", "कर्मधारयः,1.2"], ["1.2", "कुञ्जरः", "कर्ता,2.1"], ["2.1", "अस्ति", "-,-"]]	Success	[["1.1", "गो-", "कर्मधारयः,1.2"], ["1.2", "कुञ्जरः", "कर्ता,2.1"], ["2.1", "अस्ति", "अभिहित_कर्ता,1.2"], ["3.1", ".", "-,-"]]	1.0	1.0	1.0	True
146	अश्व-कुञ्जरः	[["1.1", "अश्व-", "कर्मधारयः,1.2"], ["1.2", "कुञ्जरः", "कर्ता,2.1"], ["2.1", "अस्ति", "-,-"]]	Success	[["1.1", "अश्व-", "कर्मधारयः,1.2"], ["1.2", "कुञ्जरः", "कर्ता,2.1"], ["2.1", "अस्ति", "अभिहित_कर्ता,1.2"], ["3.1", ".", "-,-"]]	1.0	1.0	1.0	True
147	गो-गर्भिणी	[["1.1", "गो-", "कर्मधारयः,1.2"], ["1.2", "गर्भिणी", "कर्ता,2.1"], ["2.1", "अस्ति", "-,-"]]	Success	[["1.1", "गो-", "कर्मधारयः,1.2"], ["1.2", "गर्भिणी", "कर्ता,2.1"], ["2.1", "अस्ति", "अभिहित_कर्ता,1.2"], ["3.1", ".", "-,-"]]	1.0	1.0	1.0	True
148	अज-गर्भिणी	[["1.1", "अज-", "कर्मधारयः,1.2"], ["1.2", "गर्भिणी", "कर्ता,2.1"], ["2.1", "अस्ति", "-,-"]]	Success	[["1.1", "अज-", "कर्मधारयः,1.2"], ["1.2", "गर्भिणी", "कर्ता,2.1"], ["2.1", "अस्ति", "अभिहित_कर्ता,1.2"], ["3.1", ".", "-,-"]]	1.0	1.0	1.0	True
149	मयूर-व्यंसकः	[["1.1", "मयूर-", "तत्पुरुषः,1.2"], ["1.2", "व्यंसकः", "कर्ता,2.1"], ["2.1", "अस्ति", "-,-"]]	Success	[["1.1", "मयूर-", "-,-"], ["1.2", "व्यंसकः", "-,-"], ["2.1", "अस्ति", "-,-"], ["3.1", ".", "-,-"]]	0.0	0.0	0.0	False
150	छात्र-व्यंसकः	[["1.1", "छात्र-", "तत्पुरुषः,1.2"], ["1.2", "व्यंसकः", "कर्ता,2.1"], ["2.1", "अस्ति", "-,-"]]	Success	[["1.1", "छात्र-", "-,-"], ["1.2", "व्यंसकः", "-,-"], ["2.1", "अस्ति", "-,-"], ["3.1", ".", "-,-"]]	0.0	0.0	0.0	False
151	काम्बोज-मुण्डः	[["1.1", "काम्बोज-", "तत्पुरुषः,1.2"], ["1.2", "मुण्डः", "कर्ता,2.1"], ["2.1", "अस्ति", "-,-"]]	Success	[["1.1", "काम्बोज-", "तत्पुरुषः,1.2"], ["1.2", "मुण्डः", "कर्ता,2.1"], ["2.1", "अस्ति", "अभिहित_कर्ता,1.2"], ["3.1", ".", "-,-"]]	1.0	1.0	1.0	True
152	यवन-मुण्डः	[["1.1", "यवन-", "तत्पुरुषः,1.2"], ["1.2", "मुण्डः", "कर्ता,2.1"], ["2.1", "अस्ति", "-,-"]]	Success	[["1.1", "यवन-", "तत्पुरुषः,1.2"], ["1.2", "मुण्डः", "कर्ता,2.1"], ["2.1", "अस्ति", "अभिहित_कर्ता,1.2"], ["3.1", ".", "-,-"]]	1.0	1.0	1.0	True
153	क्रय-अ-क्रयिका	[["1.1", "क्रय-", "कर्मधारयः,1.2"], ["1.2", "अ-", "कर्मधारयः,1.3"], ["1.3", "क्रयिका", "कर्ता,2.1"], ["2.1", "अस्ति", "-,-"]]	Success	[["1.1", "क्रय-", "षष्ठी-तत्पुरुषः,1.2"], ["1.2", "अ-", "षष्ठी-तत्पुरुषः,1.3"], ["1.3", "क्रयिका", "कर्ता,2.1"], ["2.1", "अस्ति", "अभिहित_कर्ता,1.3"], ["3.1", ".", "-,-"]]	0.0	1.0	0.0	True
154	पुट-अ-पुटिका	[["1.1", "पुट-", "कर्मधारयः,1.2"], ["1.2", "अ-", "कर्मधारयः,1.3"], ["1.3", "पुटिका", "कर्ता,2.1"], ["2.1", "अस्ति", "-,-"]]	Success	[["1.1", "पुट-", "षष्ठी-तत्पुरुषः,1.2"], ["1.2", "अ-", "-,-"], ["1.3", "पुटिका", "-,-"], ["2.1", "अस्ति", "-,-"], ["3.1", ".", "-,-"]]	0.0	0.5	0.0	False
155	फल-अ-फलिका	[["1.1", "फल-", "कर्मधारयः,1.2"], ["1.2", "अ-", "कर्मधारयः,1.3"], ["1.3", "फलिका", "कर्ता,2.1"], ["2.1", "अस्ति", "-,-"]]	Success	[["1.1", "फल-", "षष्ठी-तत्पुरुषः,1.2"], ["1.2", "अ-", "-,-"], ["1.3", "फलिका", "-,-"], ["2.1", "अस्ति", "-,-"], ["3.1", ".", "-,-"]]	0.0	0.5	0.0	False
156	मान-उन्मानिका	[["1.1", "मान-", "कर्मधारयः,1.2"], ["1.2", "उन्मानिका", "कर्ता,2.1"], ["2.1", "अस्ति", "-,-"]]	Success	[["1.1", "मान-", "-,-"], ["1.2", "उन्मानिका", "-,-"], ["2.1", "अस्ति", "-,-"], ["3.1", ".", "-,-"]]	0.0	0.0	0.0	False
157	लोहित-सारङ्गः	[["1.1", "लोहित-", "कर्मधारयः,1.2"], ["1.2", "सारङ्गः", "कर्ता,2.1"], ["2.1", "अस्ति", "-,-"]]	Success	[["1.1", "लोहित-", "तृतीया-तत्पुरुषः,1.2"], ["1.2", "सारङ्गः", "कर्ता,2.1"], ["2.1", "अस्ति", "अभिहित_कर्ता,1.2"], ["3.1", ".", "-,-"]]	0.0	1.0	0.0	True
158	कृष्ण-शबलः	[["1.1", "कृष्ण-", "कर्मधारयः,1.2"], ["1.2", "शबलः", "कर्ता,2.1"], ["2.1", "अस्ति", "-,-"]]	Success	[["1.1", "कृष्ण-", "द्वितीया-तत्पुरुषः,1.2"], ["1.2", "शबलः", "कर्ता,2.1"], ["2.1", "अस्ति", "अभिहित_कर्ता,1.2"], ["3.1", ".", "-,-"]]	0.0	1.0	0.0	True
159	इभ-पोटा	[["1.1", "इभ-", "कर्मधारयः,1.2"], ["1.2", "पोटा", "कर्ता,2.1"], ["2.1", "अस्ति", "-,-"]]	Success	[["1.1", "इभ-", "कर्मधारयः,1.2"], ["1.2", "पोटा", "कर्ता,2.1"], ["2.1", "अस्ति", "अभिहित_कर्ता,1.2"], ["3.1", ".", "-,-"]]	1.0	1.0	1.0	True
160	इभ-युवतिः	[["1.1", "इभ-", "कर्मधारयः,1.2"], ["1.2", "युवतिः", "कर्ता,2.1"], ["2.1", "अस्ति", "-,-"]]	Success	[["1.1", "इभ-", "कर्मधारयः,1.2"], ["1.2", "युवतिः", "कर्ता,2.1"], ["2.1", "अस्ति", "अभिहित_कर्ता,1.2"], ["3.1", ".", "-,-"]]	1.0	1.0	1.0	True
161	अग्नि-स्तोकः	[["1.1", "अग्नि-", "कर्मधारयः,1.2"], ["1.2", "स्तोकः", "कर्ता,2.1"], ["2.1", "अस्ति", "-,-"]]	Success	[["1.1", "अग्नि-", "कर्मधारयः,1.2"], ["1.2", "स्तोकः", "कर्ता,2.1"], ["2.1", "अस्ति", "अभिहित_कर्ता,1.2"], ["3.1", ".", "-,-"]]	1.0	1.0	1.0	True
162	उदश्वित्-कतिपयम्	[["1.1", "उदश्वित्-", "कर्मधारयः,1.2"], ["1.2", "कतिपयम्", "कर्ता,2.1"], ["2.1", "अस्ति", "-,-"]]	Success	[["1.1", "उदश्वित्-", "कर्मधारयः,1.2"], ["1.2", "कतिपयम्", "कर्ता,2.1"], ["2.1", "अस्ति", "अभिहित_कर्ता,1.2"], ["3.1", ".", "-,-"]]	1.0	1.0	1.0	True
163	गो-गृष्टिः	[["1.1", "गो-", "कर्मधारयः,1.2"], ["1.2", "गृष्टिः", "कर्ता,2.1"], ["2.1", "अस्ति", "-,-"]]	Success	[["1.1", "गो-", "कर्मधारयः,1.2"], ["1.2", "गृष्टिः", "कर्ता,2.1"], ["2.1", "अस्ति", "अभिहित_कर्ता,1.2"], ["3.1", ".", "-,-"]]	1.0	1.0	1.0	True
164	गो-धेनुः	[["1.1", "गो-", "कर्मधारयः,1.2"], ["1.2", "धेनुः", "कर्ता,2.1"], ["2.1", "अस्ति", "-,-"]]	Success	[["1.1", "गो-", "कर्मधारयः,1.2"], ["1.2", "धेनुः", "कर्ता,2.1"], ["2.1", "अस्ति", "अभिहित_कर्ता,1.2"], ["3.1", ".", "-,-"]]	1.0	1.0	1.0	True
165	गो-वशा	[["1.1", "गो-", "कर्मधारयः,1.2"], ["1.2", "वशा", "कर्ता,2.1"], ["2.1", "अस्ति", "-,-"]]	Success	[["1.1", "गो-", "कर्मधारयः,1.2"], ["1.2", "वशा", "कर्ता,2.1"], ["2.1", "अस्ति", "अभिहित_कर्ता,1.2"], ["3.1", ".", "-,-"]]	1.0	1.0	1.0	True
166	गो-वेहत्	[["1.1", "गो-", "कर्मधारयः,1.2"], ["1.2", "वेहत्", "कर्ता,2.1"], ["2.1", "अस्ति", "-,-"]]	Success	[["1.1", "गो-", "कर्मधारयः,1.2"], ["1.2", "वेहत्", "कर्ता,2.1"], ["2.1", "अस्ति", "अभिहित_कर्ता,1.2"], ["3.1", ".", "-,-"]]	1.0	1.0	1.0	True
167	गो-बष्कयणी	[["1.1", "गो-", "कर्मधारयः,1.2"], ["1.2", "बष्कयणी", "कर्ता,2.1"], ["2.1", "अस्ति", "-,-"]]	Success	[["1.1", "गो-", "कर्मधारयः,1.2"], ["1.2", "बष्कयणी", "कर्ता,2.1"], ["2.1", "अस्ति", "अभिहित_कर्ता,1.2"], ["3.1", ".", "-,-"]]	1.0	1.0	1.0	True
168	कठ-प्रवक्ता	[["1.1", "कठ-", "कर्मधारयः,1.2"], ["1.2", "प्रवक्ता", "कर्ता,2.1"], ["2.1", "अस्ति", "-,-"]]	Success	[["1.1", "कठ-", "कर्मधारयः,1.2"], ["1.2", "प्रवक्ता", "कर्ता,2.1"], ["2.1", "अस्ति", "अभिहित_कर्ता,1.2"], ["3.1", ".", "-,-"]]	1.0	1.0	1.0	True
169	कठ-श्रोत्रियः	[["1.1", "कठ-", "कर्मधारयः,1.2"], ["1.2", "श्रोत्रियः", "कर्ता,2.1"], ["2.1", "अस्ति", "-,-"]]	Success	[["1.1", "कठ-", "कर्मधारयः,1.2"], ["1.2", "श्रोत्रियः", "कर्ता,2.1"], ["2.1", "अस्ति", "अभिहित_कर्ता,1.2"], ["3.1", ".", "-,-"]]	1.0	1.0	1.0	True
170	कठ-अध्यापकः	[["1.1", "कठ-", "कर्मधारयः,1.2"], ["1.2", "अध्यापकः", "कर्ता,2.1"], ["2.1", "अस्ति", "-,-"]]	Success	[["1.1", "कठ-", "कर्मधारयः,1.2"], ["1.2", "अध्यापकः", "कर्ता,2.1"], ["2.1", "अस्ति", "अभिहित_कर्ता,1.2"], ["3.1", ".", "-,-"]]	1.0	1.0	1.0	True
171	कठ-धूर्तः	[["1.1", "कठ-", "कर्मधारयः,1.2"], ["1.2", "धूर्तः", "कर्ता,2.1"], ["2.1", "अस्ति", "-,-"]]	Success	[["1.1", "कठ-", "सप्तमी-तत्पुरुषः,1.2"], ["1.2", "धूर्तः", "कर्ता,2.1"], ["2.1", "अस्ति", "अभिहित_कर्ता,1.2"], ["3.1", ".", "-,-"]]	0.0	1.0	0.0	True
172	गो-प्रकाण्डम्	[["1.1", "गो-", "कर्मधारयः,1.2"], ["1.2", "प्रकाण्डम्", "कर्ता,2.1"], ["2.1", "अस्ति", "-,-"]]	Success	[["1.1", "गो-", "कर्मधारयः,1.2"], ["1.2", "प्रकाण्डम्", "कर्ता,2.1"], ["2.1", "अस्ति", "अभिहित_कर्ता,1.2"], ["3.1", ".", "-,-"]]	1.0	1.0	1.0	True
173	अश्व-प्रकाण्डम्	[["1.1", "अश्व-", "कर्मधारयः,1.2"], ["1.2", "प्रकाण्डम्", "कर्ता,2.1"], ["2.1", "अस्ति", "-,-"]]	Success	[["1.1", "अश्व-", "कर्मधारयः,1.2"], ["1.2", "प्रकाण्डम्", "कर्ता,2.1"], ["2.1", "अस्ति", "अभिहित_कर्ता,1.2"], ["3.1", ".", "-,-"]]	1.0	1.0	1.0	True
174	गो-मतल्लिका	[["1.1", "गो-", "कर्मधारयः,1.2"], ["1.2", "मतल्लिका", "कर्ता,2.1"], ["2.1", "अस्ति", "-,-"]]	Success	[["1.1", "गो-", "कर्मधारयः,1.2"], ["1.2", "मतल्लिका", "कर्ता,2.1"], ["2.1", "अस्ति", "अभिहित_कर्ता,1.2"], ["3.1", ".", "-,-"]]	1.0	1.0	1.0	True
175	अश्व-मतल्लिका	[["1.1", "अश्व-", "कर्मधारयः,1.2"], ["1.2", "मतल्लिका", "कर्ता,2.1"], ["2.1", "अस्ति", "-,-"]]	Success	[["1.1", "अश्व-", "कर्मधारयः,1.2"], ["1.2", "मतल्लिका", "कर्ता,2.1"], ["2.1", "अस्ति", "अभिहित_कर्ता,1.2"], ["3.1", ".", "-,-"]]	1.0	1.0	1.0	True
176	गो-मचर्चिका	[["1.1", "गो-", "कर्मधारयः,1.2"], ["1.2", "मचर्चिका", "कर्ता,2.1"], ["2.1", "अस्ति", "-,-"]]	Success	[["1.1", "गो-", "कर्मधारयः,1.2"], ["1.2", "मचर्चिका", "कर्ता,2.1"], ["2.1", "अस्ति", "अभिहित_कर्ता,1.2"], ["3.1", ".", "-,-"]]	1.0	1.0	1.0	True
177	अश्व-मचर्चिका	[["1.1", "अश्व-", "कर्मधारयः,1.2"], ["1.2", "मचर्चिका", "कर्ता,2.1"], ["2.1", "अस्ति", "-,-"]]	Success	[["1.1", "अश्व-", "कर्मधारयः,1.2"], ["1.2", "मचर्चिका", "कर्ता,2.1"], ["2.1", "अस्ति", "अभिहित_कर्ता,1.2"], ["3.1", ".", "-,-"]]	1.0	1.0	1.0	True
178	तुल्य-श्वेतः	[["1.1", "तुल्य-", "कर्मधारयः,1.2"], ["1.2", "श्वेतः", "कर्ता,2.1"], ["2.1", "अस्ति", "-,-"]]	Success	[["1.1", "तुल्य-", "तृतीया-तत्पुरुषः,1.2"], ["1.2", "श्वेतः", "कर्ता,2.1"], ["2.1", "अस्ति", "अभिहित_कर्ता,1.2"], ["3.1", ".", "-,-"]]	0.0	1.0	0.0	True
179	तुल्य-महान्	[["1.1", "तुल्य-", "कर्मधारयः,1.2"], ["1.2", "महान्", "कर्ता,2.1"], ["2.1", "अस्ति", "-,-"]]	Success	[["1.1", "तुल्य-", "तृतीया-तत्पुरुषः,1.2"], ["1.2", "महान्", "-,-"], ["2.1", "अस्ति", "-,-"], ["3.1", ".", "-,-"]]	0.0	1.0	0.0	True
180	सदृश-श्वेतः	[["1.1", "सदृश-", "कर्मधारयः,1.2"], ["1.2", "श्वेतः", "कर्ता,2.1"], ["2.1", "अस्ति", "-,-"]]	Success	[["1.1", "सदृश-", "तृतीया-तत्पुरुषः,1.2"], ["1.2", "श्वेतः", "कर्ता,2.1"], ["2.1", "अस्ति", "अभिहित_कर्ता,1.2"], ["3.1", ".", "-,-"]]	0.0	1.0	0.0	True
181	सदृश-महान्	[["1.1", "सदृश-", "कर्मधारयः,1.2"], ["1.2", "महान्", "कर्ता,2.1"], ["2.1", "अस्ति", "-,-"]]	Success	[["1.1", "सदृश-", "तृतीया-तत्पुरुषः,1.2"], ["1.2", "महान्", "-,-"], ["2.1", "अस्ति", "-,-"], ["3.1", ".", "-,-"]]	0.0	1.0	0.0	True
182	पुरुष-व्याघ्रः	[["1.1", "पुरुष-", "कर्मधारयः,1.2"], ["1.2", "व्याघ्रः", "कर्ता,2.1"], ["2.1", "अस्ति", "-,-"]]	Success	[["1.1", "पुरुष-", "कर्मधारयः,1.2"], ["1.2", "व्याघ्रः", "कर्ता,2.1"], ["2.1", "अस्ति", "अभिहित_कर्ता,1.2"], ["3.1", ".", "-,-"]]	1.0	1.0	1.0	True
183	पुरुष-सिंहः	[["1.1", "पुरुष-", "कर्मधारयः,1.2"], ["1.2", "सिंहः", "कर्ता,2.1"], ["2.1", "अस्ति", "-,-"]]	Success	[["1.1", "पुरुष-", "कर्मधारयः,1.2"], ["1.2", "सिंहः", "कर्ता,2.1"], ["2.1", "अस्ति", "अभिहित_कर्ता,1.2"], ["3.1", ".", "-,-"]]	1.0	1.0	1.0	True
184	मुख-पद्मम्	[["1.1", "मुख-", "कर्मधारयः,1.2"], ["1.2", "पद्मम्", "कर्ता,2.1"], ["2.1", "अस्ति", "-,-"]]	Success	[["1.1", "मुख-", "कर्मधारयः,1.2"], ["1.2", "पद्मम्", "कर्ता,2.1"], ["2.1", "अस्ति", "अभिहित_कर्ता,1.2"], ["3.1", ".", "-,-"]]	1.0	1.0	1.0	True
185	मुख-कमलम्	[["1.1", "मुख-", "कर्मधारयः,1.2"], ["1.2", "कमलम्", "कर्ता,2.1"], ["2.1", "अस्ति", "-,-"]]	Success	[["1.1", "मुख-", "कर्मधारयः,1.2"], ["1.2", "कमलम्", "कर्ता,2.1"], ["2.1", "अस्ति", "अभिहित_कर्ता,1.2"], ["3.1", ".", "-,-"]]	1.0	1.0	1.0	True
186	कर-किसलयम्	[["1.1", "कर-", "कर्मधारयः,1.2"], ["1.2", "किसलयम्", "कर्ता,2.1"], ["2.1", "अस्ति", "-,-"]]	Success	[["1.1", "कर-", "कर्मधारयः,1.2"], ["1.2", "किसलयम्", "कर्ता,2.1"], ["2.1", "अस्ति", "अभिहित_कर्ता,1.2"], ["3.1", ".", "-,-"]]	1.0	1.0	1.0	True
187	पार्थिव-चन्द्रः	[["1.1", "पार्थिव-", "कर्मधारयः,1.2"], ["1.2", "चन्द्रः", "कर्ता,2.1"], ["2.1", "अस्ति", "-,-"]]	Success	[["1.1", "पार्थिव-", "कर्मधारयः,1.2"], ["1.2", "चन्द्रः", "कर्ता,2.1"], ["2.1", "अस्ति", "अभिहित_कर्ता,1.2"], ["3.1", ".", "-,-"]]	1.0	1.0	1.0	True
188	शस्त्री-श्यामा	[["1.1", "शस्त्री-", "कर्मधारयः,1.2"], ["1.2", "श्यामा", "कर्ता,2.1"], ["2.1", "अस्ति", "-,-"]]	Success	[["1.1", "शस्त्री-", "षष्ठी-तत्पुरुषः,1.2"], ["1.2", "श्यामा", "कर्ता,2.1"], ["2.1", "अस्ति", "अभिहित_कर्ता,1.2"], ["3.1", ".", "-,-"]]	0.0	1.0	0.0	True
189	कुमुद-श्येनी	[["1.1", "कुमुद-", "कर्मधारयः,1.2"], ["1.2", "श्येनी", "कर्ता,2.1"], ["2.1", "अस्ति", "-,-"]]	Success	[["1.1", "कुमुद-", "षष्ठी-तत्पुरुषः,1.2"], ["1.2", "श्येनी", "कर्ता,2.1"], ["2.1", "अस्ति", "अभिहित_कर्ता,1.2"], ["3.1", ".", "-,-"]]	0.0	1.0	0.0	True
190	हंस-गद्गदा	[["1.1", "हंस-", "कर्मधारयः,1.2"], ["1.2", "गद्गदा", "कर्ता,2.1"], ["2.1", "अस्ति", "-,-"]]	Success	[["1.1", "हंस-", "षष्ठी-तत्पुरुषः,1.2"], ["1.2", "गद्गदा", "कर्ता,2.1"], ["2.1", "अस्ति", "अभिहित_कर्ता,1.2"], ["3.1", ".", "-,-"]]	0.0	1.0	0.0	True
191	नील-उत्पलम्	[["1.1", "नील-", "कर्मधारयः,1.2"], ["1.2", "उत्पलम्", "कर्ता,2.1"], ["2.1", "अस्ति", "-,-"]]	Success	[["1.1", "नील-", "कर्मधारयः,1.2"], ["1.2", "उत्पलम्", "कर्ता,2.1"], ["2.1", "अस्ति", "अभिहित_कर्ता,1.2"], ["3.1", ".", "-,-"]]	1.0	1.0	1.0	True
192	कृष्ण-सर्पः	[["1.1", "कृष्ण-", "कर्मधारयः,1.2"], ["1.2", "सर्पः", "कर्ता,2.1"], ["2.1", "अस्ति", "-,-"]]	Success	[["1.1", "कृष्ण-", "द्वितीया-तत्पुरुषः,1.2"], ["1.2", "सर्पः", "कर्ता,2.1"], ["2.1", "अस्ति", "अभिहित_कर्ता,1.2"], ["3.1", ".", "-,-"]]	0.0	1.0	0.0	True
193	लोहित-शालिः	[["1.1", "लोहित-", "कर्मधारयः,1.2"], ["1.2", "शालिः", "कर्ता,2.1"], ["2.1", "अस्ति", "-,-"]]	Success	[["1.1", "लोहित-", "कर्मधारयः,1.2"], ["1.2", "शालिः", "कर्ता,2.1"], ["2.1", "अस्ति", "अभिहित_कर्ता,1.2"], ["3.1", ".", "-,-"]]	1.0	1.0	1.0	True
194	वैयाकरण-खसूचिः	[["1.1", "वैयाकरण-", "कर्मधारयः,1.2"], ["1.2", "खसूचिः", "कर्ता,2.1"], ["2.1", "अस्ति", "-,-"]]	Success	[["1.1", "वैयाकरण-", "कर्मधारयः,1.2"], ["1.2", "खसूचिः", "कर्ता,2.1"], ["2.1", "अस्ति", "अभिहित_कर्ता,1.2"], ["3.1", ".", "-,-"]]	1.0	1.0	1.0	True
195	याज्ञिक-कितवः	[["1.1", "याज्ञिक-", "कर्मधारयः,1.2"], ["1.2", "कितवः", "कर्ता,2.1"], ["2.1", "अस्ति", "-,-"]]	Success	[["1.1", "याज्ञिक-", "सप्तमी-तत्पुरुषः,1.2"], ["1.2", "कितवः", "कर्ता,2.1"], ["2.1", "अस्ति", "अभिहित_कर्ता,1.2"], ["3.1", ".", "-,-"]]	0.0	1.0	0.0	True
196	अधि-स्त्री	[["1.1", "अधि-", "अव्ययीभावः,1.2"], ["1.2", "स्त्री", "कर्ता,2.1"], ["2.1", "अस्ति", "-,-"]]	Success	[["1.1", "अधि-", "तत्पुरुषः,1.2"], ["1.2", "स्त्री", "कर्ता,2.1"], ["2.1", "अस्ति", "अभिहित_कर्ता,1.2"], ["3.1", ".", "-,-"]]	0.0	1.0	0.0	True
197	उप-कुम्भम्	[["1.1", "उप-", "अव्ययीभावः,1.2"], ["1.2", "कुम्भम्", "कर्ता,2.1"], ["2.1", "अस्ति", "-,-"]]	Success	[["1.1", "उप-", "तत्पुरुषः,1.2"], ["1.2", "कुम्भम्", "कर्ता,2.1"], ["2.1", "अस्ति", "अभिहित_कर्ता,1.2"], ["3.1", ".", "-,-"]]	0.0	1.0	0.0	True
198	सु-मद्रम्	[["1.1", "सु-", "अव्ययीभावः,1.2"], ["1.2", "मद्रम्", "कर्ता,2.1"], ["2.1", "अस्ति", "-,-"]]	Success	[["1.1", "सु-", "तत्पुरुषः,1.2"], ["1.2", "मद्रम्", "कर्ता,2.1"], ["2.1", "अस्ति", "अभिहित_कर्ता,1.2"], ["3.1", ".", "-,-"]]	0.0	1.0	0.0	True
199	यावत्-अमत्रम्	[["1.1", "यावत्-", "अव्ययीभावः,1.2"], ["1.2", "अमत्रम्", "कर्ता,2.1"], ["2.1", "अस्ति", "-,-"]]	Success	[["1.1", "यावत्-", "क्रियाविशेषणम्,2.1"], ["1.2", "अमत्रम्", "अव्ययीभावः,1.1"], ["2.1", "अस्ति", "-,-"], ["3.1", ".", "-,-"]]	0.0	0.0	0.0	True
200	सूप-प्रति	[["1.1", "सूप-", "अव्ययीभावः,1.2"], ["1.2", "प्रति", "कर्ता,2.1"], ["2.1", "अस्ति", "-,-"]]	Success	[["1.1", "सूप-", "-,-"], ["1.2", "प्रति", "कर्ता,2.1"], ["2.1", "अस्ति", "अभिहित_कर्ता,1.2"], ["3.1", ".", "-,-"]]	0.0	0.0	0.0	False
201	अक्ष-परि	[["1.1", "अक्ष-", "अव्ययीभावः,1.2"], ["1.2", "परि", "कर्ता,2.1"], ["2.1", "अस्ति", "-,-"]]	Success	[["1.1", "अक्ष-", "-,-"], ["1.2", "परि", "कर्ता,2.1"], ["2.1", "अस्ति", "अभिहित_कर्ता,1.2"], ["3.1", ".", "-,-"]]	0.0	0.0	0.0	False
202	एक-परि	[["1.1", "एक-", "अव्ययीभावः,1.2"], ["1.2", "परि", "कर्ता,2.1"], ["2.1", "अस्ति", "-,-"]]	Success	[["1.1", "एक-", "-,-"], ["1.2", "परि", "कर्ता,2.1"], ["2.1", "अस्ति", "अभिहित_कर्ता,1.2"], ["3.1", ".", "-,-"]]	0.0	0.0	0.0	False
203	अप-त्रिगर्त्तम्	[["1.1", "अप-", "अव्ययीभावः,1.2"], ["1.2", "त्रिगर्त्तम्", "कर्ता,2.1"], ["2.1", "अस्ति", "-,-"]]	Success	[["1.1", "अप-", "तत्पुरुषः,1.2"], ["1.2", "त्रिगर्त्तम्", "कर्ता,2.1"], ["2.1", "अस्ति", "अभिहित_कर्ता,1.2"], ["3.1", ".", "-,-"]]	0.0	1.0	0.0	True
204	बहिर्-ग्रामम्	[["1.1", "बहिर्-", "अव्ययीभावः,1.2"], ["1.2", "ग्रामम्", "कर्ता,2.1"], ["2.1", "अस्ति", "-,-"]]	Success	[["1.1", "बहिर्-", "क्रियाविशेषणम्,2.1"], ["1.2", "ग्रामम्", "अव्ययीभावः,1.1"], ["2.1", "अस्ति", "-,-"], ["3.1", ".", "-,-"]]	0.0	0.0	0.0	True
205	आ-पाटलिपुत्रम्	[["1.1", "आ-", "अव्ययीभावः,1.2"], ["1.2", "पाटलिपुत्रम्", "कर्ता,2.1"], ["2.1", "अस्ति", "-,-"]]	Success	[["1.1", "आ-", "षष्ठी-तत्पुरुषः,1.2"], ["1.2", "पाटलिपुत्रम्", "कर्ता,2.1"], ["2.1", "अस्ति", "अभिहित_कर्ता,1.2"], ["3.1", ".", "-,-"]]	0.0	1.0	0.0	True
206	आ-कुमारम्	[["1.1", "आ-", "अव्ययीभावः,1.2"], ["1.2", "कुमारम्", "कर्ता,2.1"], ["2.1", "अस्ति", "-,-"]]	Success	[["1.1", "आ-", "षष्ठी-तत्पुरुषः,1.2"], ["1.2", "कुमारम्", "कर्ता,2.1"], ["2.1", "अस्ति", "अभिहित_कर्ता,1.2"], ["3.1", ".", "-,-"]]	0.0	1.0	0.0	True
207	अभि-अग्नि	[["1.1", "अभि-", "अव्ययीभावः,1.2"], ["1.2", "अग्नि", "कर्ता,2.1"], ["2.1", "अस्ति", "-,-"]]	Success	[["1.1", "अभि-", "तत्पुरुषः,1.2"], ["1.2", "अग्नि", "कर्ता,2.1"], ["2.1", "अस्ति", "अभिहित_कर्ता,1.2"], ["3.1", ".", "-,-"]]	0.0	1.0	0.0	True
208	प्रति-अग्नि	[["1.1", "प्रति-", "अव्ययीभावः,1.2"], ["1.2", "अग्नि", "कर्ता,2.1"], ["2.1", "अस्ति", "-,-"]]	Success	[["1.1", "प्रति-", "तत्पुरुषः,1.2"], ["1.2", "अग्नि", "कर्ता,2.1"], ["2.1", "अस्ति", "अभिहित_कर्ता,1.2"], ["3.1", ".", "-,-"]]	0.0	1.0	0.0	True
209	अनु-वनम्	[["1.1", "अनु-", "अव्ययीभावः,1.2"], ["1.2", "वनम्", "कर्ता,2.1"], ["2.1", "अस्ति", "-,-"]]	Success	[["1.1", "अनु-", "तत्पुरुषः,1.2"], ["1.2", "वनम्", "कर्ता,2.1"], ["2.1", "अस्ति", "अभिहित_कर्ता,1.2"], ["3.1", ".", "-,-"]]	0.0	1.0	0.0	True
210	अनु-गङ्गम्	[["1.1", "अनु-", "अव्ययीभावः,1.2"], ["1.2", "गङ्गम्", "कर्ता,2.1"], ["2.1", "अस्ति", "-,-"]]	Success	[["1.1", "अनु-", "तत्पुरुषः,1.2"], ["1.2", "गङ्गम्", "कर्ता,2.1"], ["2.1", "अस्ति", "अभिहित_कर्ता,1.2"], ["3.1", ".", "-,-"]]	0.0	1.0	0.0	True
211	तिष्ठद्-गु	[["1.1", "तिष्ठद्-", "अव्ययीभावः,1.2"], ["1.2", "गु", "कर्ता,2.1"], ["2.1", "अस्ति", "-,-"]]	Success	[["1.1", "तिष्ठद्-", "-,-"], ["1.2", "गु", "-,-"], ["2.1", "अस्ति", "-,-"], ["3.1", ".", "-,-"]]	0.0	0.0	0.0	False
212	पारे-गङ्गम्	[["1.1", "पारे-", "अव्ययीभावः,1.2"], ["1.2", "गङ्गम्", "कर्ता,2.1"], ["2.1", "अस्ति", "-,-"]]	Success	[["1.1", "पारे-", "षष्ठी-तत्पुरुषः,1.2"], ["1.2", "गङ्गम्", "कर्ता,2.1"], ["2.1", "अस्ति", "अभिहित_कर्ता,1.2"], ["3.1", ".", "-,-"]]	0.0	1.0	0.0	True
213	मध्ये-गङ्गम्	[["1.1", "मध्ये-", "अव्ययीभावः,1.2"], ["1.2", "गङ्गम्", "कर्ता,2.1"], ["2.1", "अस्ति", "-,-"]]	Success	[["1.1", "मध्ये-", "-,-"], ["1.2", "गङ्गम्", "-,-"], ["2.1", "अस्ति", "-,-"], ["3.1", ".", "-,-"]]	0.0	0.0	0.0	False
214	द्वि-मुनि	[["1.1", "द्वि-", "अव्ययीभावः,1.2"], ["1.2", "मुनि", "कर्ता,2.1"], ["2.1", "अस्ति", "-,-"]]	Success	[["1.1", "द्वि-", "द्विगु-तत्पुरुषः,1.2"], ["1.2", "मुनि", "कर्ता,2.1"], ["2.1", "अस्ति", "अभिहित_कर्ता,1.2"], ["3.1", ".", "-,-"]]	0.0	1.0	0.0	True
215	सप्त-गङ्गम्	[["1.1", "सप्त-", "अव्ययीभावः,1.2"], ["1.2", "गङ्गम्", "कर्ता,2.1"], ["2.1", "अस्ति", "-,-"]]	Success	[["1.1", "सप्त-", "द्विगु-तत्पुरुषः,1.2"], ["1.2", "गङ्गम्", "कर्ता,2.1"], ["2.1", "अस्ति", "अभिहित_कर्ता,1.2"], ["3.1", ".", "-,-"]]	0.0	1.0	0.0	True
216	पञ्च-नदम्	[["1.1", "पञ्च-", "अव्ययीभावः,1.2"], ["1.2", "नदम्", "कर्ता,2.1"], ["2.1", "अस्ति", "-,-"]]	Success	[["1.1", "पञ्च-", "षष्ठी-तत्पुरुषः,1.2"], ["1.2", "नदम्", "कर्ता,2.1"], ["2.1", "अस्ति", "अभिहित_कर्ता,1.2"], ["3.1", ".", "-,-"]]	0.0	1.0	0.0	True
217	अ-ब्राह्मणः	[["1.1", "अ-", "नञ्-तत्पुरुषः,1.2"], ["1.2", "ब्राह्मणः", "कर्ता,2.1"], ["2.1", "अस्ति", "-,-"]]	Success	[["1.1", "अ-", "नञ्-तत्पुरुषः,1.2"], ["1.2", "ब्राह्मणः", "कर्ता,2.1"], ["2.1", "अस्ति", "अभिहित_कर्ता,1.2"], ["3.1", ".", "-,-"]]	1.0	1.0	1.0	True
218	अ-वृषलः	[["1.1", "अ-", "नञ्-तत्पुरुषः,1.2"], ["1.2", "वृषलः", "कर्ता,2.1"], ["2.1", "अस्ति", "-,-"]]	Success	[["1.1", "अ-", "नञ्-तत्पुरुषः,1.2"], ["1.2", "वृषलः", "कर्ता,2.1"], ["2.1", "अस्ति", "अभिहित_कर्ता,1.2"], ["3.1", ".", "-,-"]]	1.0	1.0	1.0	True
219	पूर्व-कायः	[["1.1", "पूर्व-", "तत्पुरुषः,1.2"], ["1.2", "कायः", "कर्ता,2.1"], ["2.1", "अस्ति", "-,-"]]	Success	[["1.1", "पूर्व-", "तत्पुरुषः,1.2"], ["1.2", "कायः", "कर्ता,2.1"], ["2.1", "अस्ति", "अभिहित_कर्ता,1.2"], ["3.1", ".", "-,-"]]	1.0	1.0	1.0	True
220	अपर-कायः	[["1.1", "अपर-", "नञ्-तत्पुरुषः,1.2"], ["1.2", "कायः", "कर्ता,2.1"], ["2.1", "अस्ति", "-,-"]]	Success	[["1.1", "अपर-", "तत्पुरुषः,1.2"], ["1.2", "कायः", "कर्ता,2.1"], ["2.1", "अस्ति", "अभिहित_कर्ता,1.2"], ["3.1", ".", "-,-"]]	0.0	1.0	0.0	True
221	अधर-कायः	[["1.1", "अधर-", "नञ्-तत्पुरुषः,1.2"], ["1.2", "कायः", "कर्ता,2.1"], ["2.1", "अस्ति", "-,-"]]	Success	[["1.1", "अधर-", "तत्पुरुषः,1.2"], ["1.2", "कायः", "कर्ता,2.1"], ["2.1", "अस्ति", "अभिहित_कर्ता,1.2"], ["3.1", ".", "-,-"]]	0.0	1.0	0.0	True
222	उत्तर-कायः	[["1.1", "उत्तर-", "नञ्-तत्पुरुषः,1.2"], ["1.2", "कायः", "कर्ता,2.1"], ["2.1", "अस्ति", "-,-"]]	Success	[["1.1", "उत्तर-", "तत्पुरुषः,1.2"], ["1.2", "कायः", "कर्ता,2.1"], ["2.1", "अस्ति", "अभिहित_कर्ता,1.2"], ["3.1", ".", "-,-"]]	0.0	1.0	0.0	True
223	पूर्व-इषुकामशमी	[["1.1", "पूर्व-", "तत्पुरुषः,1.2"], ["1.2", "इषुकामशमी", "कर्ता,2.1"], ["2.1", "अस्ति", "-,-"]]	Success	[["1.1", "पूर्व-", "-,-"], ["1.2", "इषुकामशमी", "-,-"], ["2.1", "अस्ति", "-,-"], ["3.1", ".", "-,-"]]	0.0	0.0	0.0	False
224	अपर-इषुकामशमी	[["1.1", "अपर-", "तत्पुरुषः,1.2"], ["1.2", "इषुकामशमी", "कर्ता,2.1"], ["2.1", "अस्ति", "-,-"]]	Success	[["1.1", "अपर-", "-,-"], ["1.2", "इषुकामशमी", "-,-"], ["2.1", "अस्ति", "-,-"], ["3.1", ".", "-,-"]]	0.0	0.0	0.0	False
225	पौर्व-शालः	[["1.1", "पौर्व-", "तत्पुरुषः,1.2"], ["1.2", "शालः", "कर्ता,2.1"], ["2.1", "अस्ति", "-,-"]]	Success	[["1.1", "पौर्व-", "तत्पुरुषः,1.2"], ["1.2", "शालः", "कर्ता,2.1"], ["2.1", "अस्ति", "अभिहित_कर्ता,1.2"], ["3.1", ".", "-,-"]]	1.0	1.0	1.0	True
226	आपर-शालः	[["1.1", "आपर-", "तत्पुरुषः,1.2"], ["1.2", "शालः", "कर्ता,2.1"], ["2.1", "अस्ति", "-,-"]]	Success	[["1.1", "आपर-", "तत्पुरुषः,1.2"], ["1.2", "शालः", "कर्ता,2.1"], ["2.1", "अस्ति", "अभिहित_कर्ता,1.2"], ["3.1", ".", "-,-"]]	1.0	1.0	1.0	True
227	पूर्वशाला-प्रियः	[["1.1", "पूर्वशाला-", "तत्पुरुषः,1.2"], ["1.2", "प्रियः", "कर्ता,2.1"], ["2.1", "अस्ति", "-,-"]]	Success	[["1.1", "पूर्वशाला-", "तृतीया-तत्पुरुषः,1.2"], ["1.2", "प्रियः", "कर्ता,2.1"], ["2.1", "अस्ति", "अभिहित_कर्ता,1.2"], ["3.1", ".", "-,-"]]	0.0	1.0	0.0	True
228	अपरशाला-प्रियः	[["1.1", "अपरशाला-", "तत्पुरुषः,1.2"], ["1.2", "प्रियः", "कर्ता,2.1"], ["2.1", "अस्ति", "-,-"]]	Success	[["1.1", "अपरशाला-", "तृतीया-तत्पुरुषः,1.2"], ["1.2", "प्रियः", "कर्ता,2.1"], ["2.1", "अस्ति", "अभिहित_कर्ता,1.2"], ["3.1", ".", "-,-"]]	0.0	1.0	0.0	True
229	मास-जातः	[["1.1", "मास-", "तत्पुरुषः,1.2"], ["1.2", "जातः", "कर्ता,2.1"], ["2.1", "अस्ति", "-,-"]]	Success	[["1.1", "मास-", "द्वितीया-तत्पुरुषः,1.2"], ["1.2", "जातः", "कर्ता,2.1"], ["2.1", "अस्ति", "अभिहित_कर्ता,1.2"], ["3.1", ".", "-,-"]]	0.0	1.0	0.0	True
230	संवत्सर-जातः	[["1.1", "संवत्सर-", "तत्पुरुषः,1.2"], ["1.2", "जातः", "कर्ता,2.1"], ["2.1", "अस्ति", "-,-"]]	Success	[["1.1", "संवत्सर-", "द्वितीया-तत्पुरुषः,1.2"], ["1.2", "जातः", "कर्ता,2.1"], ["2.1", "अस्ति", "अभिहित_कर्ता,1.2"], ["3.1", ".", "-,-"]]	0.0	1.0	0.0	True
231	द्व्यह-जातः	[["1.1", "द्व्यह-", "तत्पुरुषः,1.2"], ["1.2", "जातः", "कर्ता,2.1"], ["2.1", "अस्ति", "-,-"]]	Success	[["1.1", "द्व्यह-", "षष्ठी-तत्पुरुषः,1.2"], ["1.2", "जातः", "कर्ता,2.1"], ["2.1", "अस्ति", "अभिहित_कर्ता,1.2"], ["3.1", ".", "-,-"]]	0.0	1.0	0.0	True
232	त्र्यह-जातः	[["1.1", "त्र्यह-", "तत्पुरुषः,1.2"], ["1.2", "जातः", "कर्ता,2.1"], ["2.1", "अस्ति", "-,-"]]	Success	[["1.1", "त्र्यह-", "षष्ठी-तत्पुरुषः,1.2"], ["1.2", "जातः", "कर्ता,2.1"], ["2.1", "अस्ति", "अभिहित_कर्ता,1.2"], ["3.1", ".", "-,-"]]	0.0	1.0	0.0	True
233	पञ्च-आम्राः	[["1.1", "पञ्च-", "द्विगु-तत्पुरुषः,1.2"], ["1.2", "आम्राः", "कर्ता,2.1"], ["2.1", "अस्ति", "-,-"]]	Success	[["1.1", "पञ्च-", "षष्ठी-तत्पुरुषः,1.2"], ["1.2", "आम्राः", "-,-"], ["2.1", "अस्ति", "-,-"], ["3.1", ".", "-,-"]]	0.0	1.0	0.0	True
234	सप्त-ऋषयः	[["1.1", "सप्त-", "द्विगु-तत्पुरुषः,1.2"], ["1.2", "ऋषयः", "कर्ता,2.1"], ["2.1", "अस्ति", "-,-"]]	Success	[["1.1", "सप्त-", "द्विगु-तत्पुरुषः,1.2"], ["1.2", "ऋषयः", "-,-"], ["2.1", "अस्ति", "-,-"], ["3.1", ".", "-,-"]]	1.0	1.0	1.0	True
235	पाञ्च-नापितिः	[["1.1", "पाञ्च-", "द्विगु-तत्पुरुषः,1.2"], ["1.2", "नापितिः", "कर्ता,2.1"], ["2.1", "अस्ति", "-,-"]]	Success	[["1.1", "पाञ्च-", "-,-"], ["1.2", "नापितिः", "-,-"], ["2.1", "अस्ति", "-,-"], ["3.1", ".", "-,-"]]	0.0	0.0	0.0	False
236	पञ्च-कपालः	[["1.1", "पञ्च-", "द्विगु-तत्पुरुषः,1.2"], ["1.2", "कपालः", "कर्ता,2.1"], ["2.1", "अस्ति", "-,-"]]	Success	[["1.1", "पञ्च-", "षष्ठी-तत्पुरुषः,1.2"], ["1.2", "कपालः", "कर्ता,2.1"], ["2.1", "अस्ति", "अभिहित_कर्ता,1.2"], ["3.1", ".", "-,-"]]	0.0	1.0	0.0	True
237	पञ्च-गवधनः	[["1.1", "पञ्च-", "द्विगु-तत्पुरुषः,1.2"], ["1.2", "गवधनः", "कर्ता,2.1"], ["2.1", "अस्ति", "-,-"]]	Success	[["1.1", "पञ्च-", "-,-"], ["1.2", "गवधनः", "-,-"], ["2.1", "अस्ति", "-,-"], ["3.1", ".", "-,-"]]	0.0	0.0	0.0	False
238	दश-गवधनः	[["1.1", "दश-", "द्विगु-तत्पुरुषः,1.2"], ["1.2", "गवधनः", "कर्ता,2.1"], ["2.1", "अस्ति", "-,-"]]	Success	[["1.1", "दश-", "-,-"], ["1.2", "गवधनः", "-,-"], ["2.1", "अस्ति", "-,-"], ["3.1", ".", "-,-"]]	0.0	0.0	0.0	False
239	षाण्-मातुरः	[["1.1", "षाण्-", "द्विगु-तत्पुरुषः,1.2"], ["1.2", "मातुरः", "कर्ता,2.1"], ["2.1", "अस्ति", "-,-"]]	Success	[["1.1", "षाण्-", "-,-"], ["1.2", "मातुरः", "-,-"], ["2.1", "अस्ति", "-,-"], ["3.1", ".", "-,-"]]	0.0	0.0	0.0	False
240	अर्ध-पिप्पली	[["1.1", "अर्ध-", "प्रथमा-तत्पुरुषः,1.2"], ["1.2", "पिप्पली", "कर्ता,2.1"], ["2.1", "अस्ति", "-,-"]]	Success	[["1.1", "अर्ध-", "1.2_कर्ता,1.2"], ["1.2", "अस्ति", "अभिहित_कर्ता,1.2"], ["2.1", ".", "-,-"]]	0.0	1.0	0.0	True
241	अर्ध-कोशातकी	[["1.1", "अर्ध-", "प्रथमा-तत्पुरुषः,1.2"], ["1.2", "कोशातकी", "कर्ता,2.1"], ["2.1", "अस्ति", "-,-"]]	Success	[["1.1", "अर्ध-", "1.2_कर्ता,1.2"], ["1.2", "अस्ति", "अभिहित_कर्ता,1.2"], ["2.1", ".", "-,-"]]	0.0	1.0	0.0	True
242	द्वितीय-भिक्षा	[["1.1", "द्वितीय-", "तत्पुरुषः,1.2"], ["1.2", "भिक्षा", "कर्ता,2.1"], ["2.1", "अस्ति", "-,-"]]	Success	[["1.1", "द्वितीय-", "तत्पुरुषः,1.2"], ["1.2", "भिक्षा", "कर्ता,2.1"], ["2.1", "अस्ति", "अभिहित_कर्ता,1.2"], ["3.1", ".", "-,-"]]	1.0	1.0	1.0	True
243	तुर्य-भिक्षा	[["1.1", "तुर्य-", "तत्पुरुषः,1.2"], ["1.2", "भिक्षा", "कर्ता,2.1"], ["2.1", "अस्ति", "-,-"]]	Success	[["1.1", "तुर्य-", "तत्पुरुषः,1.2"], ["1.2", "भिक्षा", "कर्ता,2.1"], ["2.1", "अस्ति", "अभिहित_कर्ता,1.2"], ["3.1", ".", "-,-"]]	1.0	1.0	1.0	True
244	तुरीय-भिक्षा	[["1.1", "तुरीय-", "तत्पुरुषः,1.2"], ["1.2", "भिक्षा", "कर्ता,2.1"], ["2.1", "अस्ति", "-,-"]]	Success	[["1.1", "तुरीय-", "तत्पुरुषः,1.2"], ["1.2", "भिक्षा", "कर्ता,2.1"], ["2.1", "अस्ति", "अभिहित_कर्ता,1.2"], ["3.1", ".", "-,-"]]	1.0	1.0	1.0	True
245	ईषत्-कडारः	[["1.1", "ईषत्-", "तत्पुरुषः,1.2"], ["1.2", "कडारः", "कर्ता,2.1"], ["2.1", "अस्ति", "-,-"]]	Success	[["1.1", "ईषत्-", "तृतीया-तत्पुरुषः,1.2"], ["1.2", "कडारः", "कर्ता,2.1"], ["2.1", "अस्ति", "अभिहित_कर्ता,1.2"], ["3.1", ".", "-,-"]]	0.0	1.0	0.0	True
246	ईषत्-पिङ्गलः	[["1.1", "ईषत्-", "तत्पुरुषः,1.2"], ["1.2", "पिङ्गलः", "कर्ता,2.1"], ["2.1", "अस्ति", "-,-"]]	Success	[["1.1", "ईषत्-", "तृतीया-तत्पुरुषः,1.2"], ["1.2", "पिङ्गलः", "कर्ता,2.1"], ["2.1", "अस्ति", "अभिहित_कर्ता,1.2"], ["3.1", ".", "-,-"]]	0.0	1.0	0.0	True
247	ईषद्-विकटः	[["1.1", "ईषद्-", "तत्पुरुषः,1.2"], ["1.2", "विकटः", "कर्ता,2.1"], ["2.1", "अस्ति", "-,-"]]	Success	[["1.1", "ईषद्-", "षष्ठी-तत्पुरुषः,1.2"], ["1.2", "विकटः", "कर्ता,2.1"], ["2.1", "अस्ति", "अभिहित_कर्ता,1.2"], ["3.1", ".", "-,-"]]	0.0	1.0	0.0	True
248	ईषत्-उन्नतः	[["1.1", "ईषत्-", "तत्पुरुषः,1.2"], ["1.2", "उन्नतः", "कर्ता,2.1"], ["2.1", "अस्ति", "-,-"]]	Success	[["1.1", "ईषत्-", "तृतीया-तत्पुरुषः,1.2"], ["1.2", "उन्नतः", "कर्ता,2.1"], ["2.1", "अस्ति", "अभिहित_कर्ता,1.2"], ["3.1", ".", "-,-"]]	0.0	1.0	0.0	True
249	ईषत्-पीतम्	[["1.1", "ईषत्-", "तत्पुरुषः,1.2"], ["1.2", "पीतम्", "कर्ता,2.1"], ["2.1", "अस्ति", "-,-"]]	Success	[["1.1", "ईषत्-", "तृतीया-तत्पुरुषः,1.2"], ["1.2", "पीतम्", "कर्ता,2.1"], ["2.1", "अस्ति", "अभिहित_कर्ता,1.2"], ["3.1", ".", "-,-"]]	0.0	1.0	0.0	True
250	ईषत्-रक्तम्	[["1.1", "ईषत्-", "तत्पुरुषः,1.2"], ["1.2", "रक्तम्", "कर्ता,2.1"], ["2.1", "अस्ति", "-,-"]]	Success	[["1.1", "ईषत्-", "तृतीया-तत्पुरुषः,1.2"], ["1.2", "रक्तम्", "कर्ता,2.1"], ["2.1", "अस्ति", "अभिहित_कर्ता,1.2"], ["3.1", ".", "-,-"]]	0.0	1.0	0.0	True
251	राज-पुरुषः	[["1.1", "राज-", "तत्पुरुषः,1.2"], ["1.2", "पुरुषः", "कर्ता,2.1"], ["2.1", "अस्ति", "-,-"]]	Success	[["1.1", "राज-", "षष्ठी-तत्पुरुषः,1.2"], ["1.2", "पुरुषः", "कर्ता,2.1"], ["2.1", "अस्ति", "अभिहित_कर्ता,1.2"], ["3.1", ".", "-,-"]]	0.0	1.0	0.0	True
252	ब्राह्मण-कम्बलः	[["1.1", "ब्राह्मण-", "तत्पुरुषः,1.2"], ["1.2", "कम्बलः", "कर्ता,2.1"], ["2.1", "अस्ति", "-,-"]]	Success	[["1.1", "ब्राह्मण-", "षष्ठी-तत्पुरुषः,1.2"], ["1.2", "कम्बलः", "कर्ता,2.1"], ["2.1", "अस्ति", "अभिहित_कर्ता,1.2"], ["3.1", ".", "-,-"]]	0.0	1.0	0.0	True
253	इध्म-प्रव्रश्चनः	[["1.1", "इध्म-", "तत्पुरुषः,1.2"], ["1.2", "प्रव्रश्चनः", "कर्ता,2.1"], ["2.1", "अस्ति", "-,-"]]	Success	[["1.1", "इध्म-", "षष्ठी-तत्पुरुषः,1.2"], ["1.2", "प्रव्रश्चनः", "कर्ता,2.1"], ["2.1", "अस्ति", "अभिहित_कर्ता,1.2"], ["3.1", ".", "-,-"]]	0.0	1.0	0.0	True
254	पलाश-शातनः	[["1.1", "पलाश-", "तत्पुरुषः,1.2"], ["1.2", "शातनः", "कर्ता,2.1"], ["2.1", "अस्ति", "-,-"]]	Success	[["1.1", "पलाश-", "षष्ठी-तत्पुरुषः,1.2"], ["1.2", "शातनः", "कर्ता,2.1"], ["2.1", "अस्ति", "अभिहित_कर्ता,1.2"], ["3.1", ".", "-,-"]]	0.0	1.0	0.0	True
255	कु-पुरुषः	[["1.1", "कु-", "तत्पुरुषः,1.2"], ["1.2", "पुरुषः", "कर्ता,2.1"], ["2.1", "अस्ति", "-,-"]]	Success	[["1.1", "कु-", "तत्पुरुषः,1.2"], ["1.2", "पुरुषः", "कर्ता,2.1"], ["2.1", "अस्ति", "अभिहित_कर्ता,1.2"], ["3.1", ".", "-,-"]]	1.0	1.0	1.0	True
256	उररी-कृतम्	[["1.1", "उररी-", "तत्पुरुषः,1.2"], ["1.2", "कृतम्", "कर्ता,2.1"], ["2.1", "अस्ति", "-,-"]]	Success	[["1.1", "उररी-", "तृतीया-तत्पुरुषः,1.2"], ["1.2", "कृतम्", "कर्ता,2.1"], ["2.1", "अस्ति", "अभिहित_कर्ता,1.2"], ["3.1", ".", "-,-"]]	0.0	1.0	0.0	True
257	श्रेणी-कृताः	[["1.1", "श्रेणी-", "तत्पुरुषः,1.2"], ["1.2", "कृताः", "कर्ता,2.1"], ["2.1", "अस्ति", "-,-"]]	Success	[["1.1", "श्रेणी-", "तृतीया-तत्पुरुषः,1.2"], ["1.2", "कृताः", "-,-"], ["2.1", "अस्ति", "-,-"], ["3.1", ".", "-,-"]]	0.0	1.0	0.0	True
258	दुष्-पुरुषः	[["1.1", "दुष्-", "तत्पुरुषः,1.2"], ["1.2", "पुरुषः", "कर्ता,2.1"], ["2.1", "अस्ति", "-,-"]]	Success	[["1.1", "दुष्-", "षष्ठी-तत्पुरुषः,1.2"], ["1.2", "पुरुषः", "कर्ता,2.1"], ["2.1", "अस्ति", "अभिहित_कर्ता,1.2"], ["3.1", ".", "-,-"]]	0.0	1.0	0.0	True
259	सु-पुरुषः	[["1.1", "सु-", "तत्पुरुषः,1.2"], ["1.2", "पुरुषः", "कर्ता,2.1"], ["2.1", "अस्ति", "-,-"]]	Success	[["1.1", "सु-", "तत्पुरुषः,1.2"], ["1.2", "पुरुषः", "कर्ता,2.1"], ["2.1", "अस्ति", "अभिहित_कर्ता,1.2"], ["3.1", ".", "-,-"]]	1.0	1.0	1.0	True
260	अति-पुरुषः	[["1.1", "अति-", "तत्पुरुषः,1.2"], ["1.2", "पुरुषः", "कर्ता,2.1"], ["2.1", "अस्ति", "-,-"]]	Success	[["1.1", "अति-", "तत्पुरुषः,1.2"], ["1.2", "पुरुषः", "कर्ता,2.1"], ["2.1", "अस्ति", "अभिहित_कर्ता,1.2"], ["3.1", ".", "-,-"]]	1.0	1.0	1.0	True
261	आ-पिङ्गलः	[["1.1", "आ-", "तत्पुरुषः,1.2"], ["1.2", "पिङ्गलः", "कर्ता,2.1"], ["2.1", "अस्ति", "-,-"]]	Success	[["1.1", "आ-", "तृतीया-तत्पुरुषः,1.2"], ["1.2", "पिङ्गलः", "कर्ता,2.1"], ["2.1", "अस्ति", "अभिहित_कर्ता,1.2"], ["3.1", ".", "-,-"]]	0.0	1.0	0.0	True
262	क-उष्णम्	[["1.1", "क-", "तत्पुरुषः,1.2"], ["1.2", "उष्णम्", "कर्ता,2.1"], ["2.1", "अस्ति", "-,-"]]	Success	[["1.1", "क-", "तृतीया-तत्पुरुषः,1.2"], ["1.2", "उष्णम्", "कर्ता,2.1"], ["2.1", "अस्ति", "अभिहित_कर्ता,1.2"], ["3.1", ".", "-,-"]]	0.0	1.0	0.0	True
263	कत्-उष्णम्	[["1.1", "कत्-", "तत्पुरुषः,1.2"], ["1.2", "उष्णम्", "कर्ता,2.1"], ["2.1", "अस्ति", "-,-"]]	Success	[["1.1", "कत्-", "तृतीया-तत्पुरुषः,1.2"], ["1.2", "उष्णम्", "कर्ता,2.1"], ["2.1", "अस्ति", "अभिहित_कर्ता,1.2"], ["3.1", ".", "-,-"]]	0.0	1.0	0.0	True
264	कव-उष्णम्	[["1.1", "कव-", "तत्पुरुषः,1.2"], ["1.2", "उष्णम्", "कर्ता,2.1"], ["2.1", "अस्ति", "-,-"]]	Success	[["1.1", "कव-", "तृतीया-तत्पुरुषः,1.2"], ["1.2", "उष्णम्", "कर्ता,2.1"], ["2.1", "अस्ति", "अभिहित_कर्ता,1.2"], ["3.1", ".", "-,-"]]	0.0	1.0	0.0	True
265	दुष्-कृतम्	[["1.1", "दुष्-", "तत्पुरुषः,1.2"], ["1.2", "कृतम्", "कर्ता,2.1"], ["2.1", "अस्ति", "-,-"]]	Success	[["1.1", "दुष्-", "तृतीया-तत्पुरुषः,1.2"], ["1.2", "कृतम्", "कर्ता,2.1"], ["2.1", "अस्ति", "अभिहित_कर्ता,1.2"], ["3.1", ".", "-,-"]]	0.0	1.0	0.0	True
266	सु-स्तुतम्	[["1.1", "सु-", "तत्पुरुषः,1.2"], ["1.2", "स्तुतम्", "कर्ता,2.1"], ["2.1", "अस्ति", "-,-"]]	Success	[["1.1", "सु-", "तृतीया-तत्पुरुषः,1.2"], ["1.2", "स्तुतम्", "कर्ता,2.1"], ["2.1", "अस्ति", "अभिहित_कर्ता,1.2"], ["3.1", ".", "-,-"]]	0.0	1.0	0.0	True
267	अति-स्तुतम्	[["1.1", "अति-", "तत्पुरुषः,1.2"], ["1.2", "स्तुतम्", "कर्ता,2.1"], ["2.1", "अस्ति", "-,-"]]	Success	[["1.1", "अति-", "तृतीया-तत्पुरुषः,1.2"], ["1.2", "स्तुतम्", "कर्ता,2.1"], ["2.1", "अस्ति", "अभिहित_कर्ता,1.2"], ["3.1", ".", "-,-"]]	0.0	1.0	0.0	True
268	प्र-आचार्यः	[["1.1", "प्र-", "तत्पुरुषः,1.2"], ["1.2", "आचार्यः", "कर्ता,2.1"], ["2.1", "अस्ति", "-,-"]]	Success	[["1.1", "प्र-", "तत्पुरुषः,1.2"], ["1.2", "आचार्यः", "कर्ता,2.1"], ["2.1", "अस्ति", "अभिहित_कर्ता,1.2"], ["3.1", ".", "-,-"]]	1.0	1.0	1.0	True
269	अति-खट्वः	[["1.1", "अति-", "तत्पुरुषः,1.2"], ["1.2", "खट्वः", "कर्ता,2.1"], ["2.1", "अस्ति", "-,-"]]	Success	[["1.1", "अति-", "तत्पुरुषः,1.2"], ["1.2", "खट्वः", "कर्ता,2.1"], ["2.1", "अस्ति", "अभिहित_कर्ता,1.2"], ["3.1", ".", "-,-"]]	1.0	1.0	1.0	True
270	अति-मालः	[["1.1", "अति-", "तत्पुरुषः,1.2"], ["1.2", "मालः", "कर्ता,2.1"], ["2.1", "अस्ति", "-,-"]]	Success	[["1.1", "अति-", "तत्पुरुषः,1.2"], ["1.2", "मालः", "कर्ता,2.1"], ["2.1", "अस्ति", "अभिहित_कर्ता,1.2"], ["3.1", ".", "-,-"]]	1.0	1.0	1.0	True
271	अव-कोकिलः	[["1.1", "अव-", "तत्पुरुषः,1.2"], ["1.2", "कोकिलः", "कर्ता,2.1"], ["2.1", "अस्ति", "-,-"]]	Success	[["1.1", "अव-", "तत्पुरुषः,1.2"], ["1.2", "कोकिलः", "कर्ता,2.1"], ["2.1", "अस्ति", "अभिहित_कर्ता,1.2"], ["3.1", ".", "-,-"]]	1.0	1.0	1.0	True
272	परि-अध्ययनः	[["1.1", "परि-", "तत्पुरुषः,1.2"], ["1.2", "अध्ययनः", "कर्ता,2.1"], ["2.1", "अस्ति", "-,-"]]	Success	[["1.1", "परि-", "तत्पुरुषः,1.2"], ["1.2", "अध्ययनः", "कर्ता,2.1"], ["2.1", "अस्ति", "अभिहित_कर्ता,1.2"], ["3.1", ".", "-,-"]]	1.0	1.0	1.0	True
273	अलं-कुमारिः	[["1.1", "अलं-", "तत्पुरुषः,1.2"], ["1.2", "कुमारिः", "कर्ता,2.1"], ["2.1", "अस्ति", "-,-"]]	Success	[["1.1", "अलं-", "-,-"], ["1.2", "कुमारिः", "-,-"], ["2.1", "अस्ति", "-,-"], ["3.1", ".", "-,-"]]	0.0	0.0	0.0	False
274	निष्-कौशाम्बिः	[["1.1", "निष्-", "तत्पुरुषः,1.2"], ["1.2", "कौशाम्बिः", "कर्ता,2.1"], ["2.1", "अस्ति", "-,-"]]	Success	[["1.1", "निष्-", "षष्ठी-तत्पुरुषः,1.2"], ["1.2", "कौशाम्बिः", "कर्ता,2.1"], ["2.1", "अस्ति", "अभिहित_कर्ता,1.2"], ["3.1", ".", "-,-"]]	0.0	1.0	0.0	True
275	निर्-वाराणसिः	[["1.1", "निर्-", "तत्पुरुषः,1.2"], ["1.2", "वाराणसिः", "कर्ता,2.1"], ["2.1", "अस्ति", "-,-"]]	Success	[["1.1", "निर्-", "क्रियाविशेषणम्,2.1"], ["1.2", "वाराणसिः", "-,-"], ["2.1", "अस्ति", "-,-"], ["3.1", ".", "-,-"]]	0.0	0.0	0.0	True
276	उच्चैः-कृत्य	[["1.1", "उच्चैः-", "तत्पुरुषः,1.2"], ["1.2", "कृत्य", "कर्ता,2.1"], ["2.1", "अस्ति", "-,-"]]	Success	[["1.1", "उच्चैः-", "षष्ठी-तत्पुरुषः,1.2"], ["1.2", "कृत्य", "-,-"], ["2.1", "अस्ति", "-,-"], ["3.1", ".", "-,-"]]	0.0	1.0	0.0	True
277	कुम्भ-कारः	[["1.1", "कुम्भ-", "U,1.2"], ["1.2", "कारः", "कर्ता,2.1"], ["2.1", "अस्ति", "-,-"]]	Success	[["1.1", "कुम्भ-", "उपपद-तत्पुरुषः,1.2"], ["1.2", "कारः", "कर्ता,2.1"], ["2.1", "अस्ति", "अभिहित_कर्ता,1.2"], ["3.1", ".", "-,-"]]	0.0	1.0	0.0	True
278	नगर-कारः	[["1.1", "नगर-", "U,1.2"], ["1.2", "कारः", "कर्ता,2.1"], ["2.1", "अस्ति", "-,-"]]	Success	[["1.1", "नगर-", "उपपद-तत्पुरुषः,1.2"], ["1.2", "कारः", "कर्ता,2.1"], ["2.1", "अस्ति", "अभिहित_कर्ता,1.2"], ["3.1", ".", "-,-"]]	0.0	1.0	0.0	True
279	उप-दशाः	[["1.1", "उप-", "B,1.2"], ["1.2", "दशाः", "कर्ता,2.1"], ["2.1", "अस्ति", "-,-"]]	Success	[["1.1", "उप-", "-,-"], ["1.2", "दशाः", "-,-"], ["2.1", "अस्ति", "-,-"], ["3.1", ".", "-,-"]]	0.0	0.0	0.0	False
280	उप-विंशाः	[["1.1", "उप-", "B,1.2"], ["1.2", "विंशाः", "कर्ता,2.1"], ["2.1", "अस्ति", "-,-"]]	Success	[["1.1", "उप-", "-,-"], ["1.2", "विंशाः", "-,-"], ["2.1", "अस्ति", "-,-"], ["3.1", ".", "-,-"]]	0.0	0.0	0.0	False
281	आसन्न-दशाः	[["1.1", "आसन्न-", "B,1.2"], ["1.2", "दशाः", "कर्ता,2.1"], ["2.1", "अस्ति", "-,-"]]	Success	[["1.1", "आसन्न-", "षष्ठी-तत्पुरुषः,1.2"], ["1.2", "दशाः", "-,-"], ["2.1", "अस्ति", "-,-"], ["3.1", ".", "-,-"]]	0.0	1.0	0.0	True
282	आसन्न-विंशाः	[["1.1", "आसन्न-", "B,1.2"], ["1.2", "विंशाः", "कर्ता,2.1"], ["2.1", "अस्ति", "-,-"]]	Success	[["1.1", "आसन्न-", "षष्ठी-तत्पुरुषः,1.2"], ["1.2", "विंशाः", "-,-"], ["2.1", "अस्ति", "-,-"], ["3.1", ".", "-,-"]]	0.0	1.0	0.0	True
283	अ-दूर-दशाः	[["1.1", "अ-", "B,1.2"], ["1.2", "दूर-", "B,1.3"], ["1.3", "दशाः", "कर्ता,2.1"], ["2.1", "अस्ति", "-,-"]]	Success	[["1.1", "अ-", "नञ्-तत्पुरुषः,1.2"], ["1.2", "दूर-", "षष्ठी-तत्पुरुषः,1.3"], ["1.3", "दशाः", "-,-"], ["2.1", "अस्ति", "-,-"], ["3.1", ".", "-,-"]]	0.0	1.0	0.0	True
284	अ-दूर-विंशाः	[["1.1", "अ-", "B,1.2"], ["1.2", "दूर-", "B,1.3"], ["1.3", "विंशाः", "कर्ता,2.1"], ["2.1", "अस्ति", "-,-"]]	Success	[["1.1", "अ-", "नञ्-तत्पुरुषः,1.2"], ["1.2", "दूर-", "षष्ठी-तत्पुरुषः,1.3"], ["1.3", "विंशाः", "-,-"], ["2.1", "अस्ति", "-,-"], ["3.1", ".", "-,-"]]	0.0	1.0	0.0	True
285	अधिक-दशाः	[["1.1", "अधिक-", "B,1.2"], ["1.2", "दशाः", "कर्ता,2.1"], ["2.1", "अस्ति", "-,-"]]	Success	[["1.1", "अधिक-", "षष्ठी-तत्पुरुषः,1.2"], ["1.2", "दशाः", "-,-"], ["2.1", "अस्ति", "-,-"], ["3.1", ".", "-,-"]]	0.0	1.0	0.0	True
286	अधिक-विंशाः	[["1.1", "अधिक-", "B,1.2"], ["1.2", "विंशाः", "कर्ता,2.1"], ["2.1", "अस्ति", "-,-"]]	Success	[["1.1", "अधिक-", "षष्ठी-तत्पुरुषः,1.2"], ["1.2", "विंशाः", "-,-"], ["2.1", "अस्ति", "-,-"], ["3.1", ".", "-,-"]]	0.0	1.0	0.0	True
287	द्वि-त्राः	[["1.1", "द्वि-", "B,1.2"], ["1.2", "त्राः", "कर्ता,2.1"], ["2.1", "अस्ति", "-,-"]]	Success	[["1.1", "द्वि-", "षष्ठी-तत्पुरुषः,1.2"], ["1.2", "त्राः", "-,-"], ["2.1", "अस्ति", "-,-"], ["3.1", ".", "-,-"]]	0.0	1.0	0.0	True
288	त्रि-चतुराः	[["1.1", "त्रि-", "B,1.2"], ["1.2", "चतुराः", "कर्ता,2.1"], ["2.1", "अस्ति", "-,-"]]	Success	[["1.1", "त्रि-", "षष्ठी-तत्पुरुषः,1.2"], ["1.2", "चतुराः", "-,-"], ["2.1", "अस्ति", "-,-"], ["3.1", ".", "-,-"]]	0.0	1.0	0.0	True
289	द्वि-दशाः	[["1.1", "द्वि-", "B,1.2"], ["1.2", "दशाः", "कर्ता,2.1"], ["2.1", "अस्ति", "-,-"]]	Success	[["1.1", "द्वि-", "षष्ठी-तत्पुरुषः,1.2"], ["1.2", "दशाः", "-,-"], ["2.1", "अस्ति", "-,-"], ["3.1", ".", "-,-"]]	0.0	1.0	0.0	True
290	दक्षिण-पूर्वा-दिक्	[["1.1", "दक्षिण-", "B,1.2"], ["1.2", "पूर्वा-", "B,1.3"], ["1.3", "दिक्", "कर्ता,2.1"], ["2.1", "अस्ति", "-,-"]]	Success	[["1.1", "दक्षिण-", "षष्ठी-तत्पुरुषः,1.2"], ["1.2", "पूर्वा-", "षष्ठी-तत्पुरुषः,1.3"], ["1.3", "दिक्", "कर्ता,2.1"], ["2.1", "अस्ति", "अभिहित_कर्ता,1.3"], ["3.1", ".", "-,-"]]	0.0	1.0	0.0	True
291	पूर्व-उत्तरा	[["1.1", "पूर्व-", "B,1.2"], ["1.2", "उत्तरा", "कर्ता,2.1"], ["2.1", "अस्ति", "-,-"]]	Success	[["1.1", "पूर्व-", "तृतीया-तत्पुरुषः,1.2"], ["1.2", "उत्तरा", "कर्ता,2.1"], ["2.1", "अस्ति", "अभिहित_कर्ता,1.2"], ["3.1", ".", "-,-"]]	0.0	1.0	0.0	True
292	उत्तर-पश्चिमा	[["1.1", "उत्तर-", "B,1.2"], ["1.2", "पश्चिमा", "कर्ता,2.1"], ["2.1", "अस्ति", "-,-"]]	Success	[["1.1", "उत्तर-", "तत्पुरुषः,1.2"], ["1.2", "पश्चिमा", "कर्ता,2.1"], ["2.1", "अस्ति", "अभिहित_कर्ता,1.2"], ["3.1", ".", "-,-"]]	0.0	1.0	0.0	True
293	पश्चिम-दक्षिणा	[["1.1", "पश्चिम-", "B,1.2"], ["1.2", "दक्षिणा", "कर्ता,2.1"], ["2.1", "अस्ति", "-,-"]]	Success	[["1.1", "पश्चिम-", "तृतीया-तत्पुरुषः,1.2"], ["1.2", "दक्षिणा", "कर्ता,2.1"], ["2.1", "अस्ति", "अभिहित_कर्ता,1.2"], ["3.1", ".", "-,-"]]	0.0	1.0	0.0	True
294	स-पुत्रः	[["1.1", "स-", "B,1.2"], ["1.2", "पुत्रः", "कर्ता,2.1"], ["2.1", "अस्ति", "-,-"]]	Success	[["1.1", "स-", "बहुव्रीहिः,1.2"], ["1.2", "पुत्रः", "कर्ता,2.1"], ["2.1", "अस्ति", "अभिहित_कर्ता,1.2"], ["3.1", ".", "-,-"]]	0.0	1.0	0.0	True
295	स-छात्रः	[["1.1", "स-", "B,1.2"], ["1.2", "छात्रः", "कर्ता,2.1"], ["2.1", "अस्ति", "-,-"]]	Success	[["1.1", "स-", "बहुव्रीहिः,1.2"], ["1.2", "छात्रः", "कर्ता,2.1"], ["2.1", "अस्ति", "अभिहित_कर्ता,1.2"], ["3.1", ".", "-,-"]]	0.0	1.0	0.0	True
296	स-कर्मकरः	[["1.1", "स-", "B,1.2"], ["1.2", "कर्मकरः", "कर्ता,2.1"], ["2.1", "अस्ति", "-,-"]]	Success	[["1.1", "स-", "बहुव्रीहिः,1.2"], ["1.2", "कर्मकरः", "कर्ता,2.1"], ["2.1", "अस्ति", "अभिहित_कर्ता,1.2"], ["3.1", ".", "-,-"]]	0.0	1.0	0.0	True
297	ब्राह्मण-याजकः	[["1.1", "ब्राह्मण-", "षष्ठी-तत्पुरुषः,1.2"], ["1.2", "याजकः", "कर्ता,2.1"], ["2.1", "अस्ति", "-,-"]]	Success	[["1.1", "ब्राह्मण-", "षष्ठी-तत्पुरुषः,1.2"], ["1.2", "याजकः", "कर्ता,2.1"], ["2.1", "अस्ति", "अभिहित_कर्ता,1.2"], ["3.1", ".", "-,-"]]	1.0	1.0	1.0	True
298	क्षत्रिय-याजकः	[["1.1", "क्षत्रिय-", "षष्ठी-तत्पुरुषः,1.2"], ["1.2", "याजकः", "कर्ता,2.1"], ["2.1", "अस्ति", "-,-"]]	Success	[["1.1", "क्षत्रिय-", "षष्ठी-तत्पुरुषः,1.2"], ["1.2", "याजकः", "कर्ता,2.1"], ["2.1", "अस्ति", "अभिहित_कर्ता,1.2"], ["3.1", ".", "-,-"]]	1.0	1.0	1.0	True
299	उद्दालक-पुष्प-भञ्जिका	[["1.1", "उद्दालक-", "षष्ठी-तत्पुरुषः,1.2"], ["1.2", "पुष्प-", "षष्ठी-तत्पुरुषः,1.3"], ["1.3", "भञ्जिका", "कर्ता,2.1"], ["2.1", "अस्ति", "-,-"]]	Success	[["1.1", "उद्दालक-", "षष्ठी-तत्पुरुषः,1.2"], ["1.2", "पुष्प-", "षष्ठी-तत्पुरुषः,1.3"], ["1.3", "भञ्जिका", "कर्ता,2.1"], ["2.1", "अस्ति", "अभिहित_कर्ता,1.3"], ["3.1", ".", "-,-"]]	1.0	1.0	1.0	True
300	वारण-पुष्प-प्रचायिका	[["1.1", "वारण-", "षष्ठी-तत्पुरुषः,1.2"], ["1.2", "पुष्प-", "षष्ठी-तत्पुरुषः,1.3"], ["1.3", "प्रचायिका", "कर्ता,2.1"], ["2.1", "अस्ति", "-,-"]]	Success	[["1.1", "वारण-", "षष्ठी-तत्पुरुषः,1.2"], ["1.2", "पुष्प-", "षष्ठी-तत्पुरुषः,1.3"], ["1.3", "प्रचायिका", "कर्ता,2.1"], ["2.1", "अस्ति", "अभिहित_कर्ता,1.3"], ["3.1", ".", "-,-"]]	1.0	1.0	1.0	True
301	दन्त-लेखकः	[["1.1", "दन्त-", "षष्ठी-तत्पुरुषः,1.2"], ["1.2", "लेखकः", "कर्ता,2.1"], ["2.1", "अस्ति", "-,-"]]	Success	[["1.1", "दन्त-", "षष्ठी-तत्पुरुषः,1.2"], ["1.2", "लेखकः", "कर्ता,2.1"], ["2.1", "अस्ति", "अभिहित_कर्ता,1.2"], ["3.1", ".", "-,-"]]	1.0	1.0	1.0	True
302	नख-लेखकः	[["1.1", "नख-", "षष्ठी-तत्पुरुषः,1.2"], ["1.2", "लेखकः", "कर्ता,2.1"], ["2.1", "अस्ति", "-,-"]]	Success	[["1.1", "नख-", "षष्ठी-तत्पुरुषः,1.2"], ["1.2", "लेखकः", "कर्ता,2.1"], ["2.1", "अस्ति", "अभिहित_कर्ता,1.2"], ["3.1", ".", "-,-"]]	1.0	1.0	1.0	True
303	राज-पुरुषः	[["1.1", "राज-", "षष्ठी-तत्पुरुषः,1.2"], ["1.2", "पुरुषः", "कर्ता,2.1"], ["2.1", "अस्ति", "-,-"]]	Success	[["1.1", "राज-", "षष्ठी-तत्पुरुषः,1.2"], ["1.2", "पुरुषः", "कर्ता,2.1"], ["2.1", "अस्ति", "अभिहित_कर्ता,1.2"], ["3.1", ".", "-,-"]]	1.0	1.0	1.0	True
304	ब्राह्मण-कम्बलः	[["1.1", "ब्राह्मण-", "षष्ठी-तत्पुरुषः,1.2"], ["1.2", "कम्बलः", "कर्ता,2.1"], ["2.1", "अस्ति", "-,-"]]	Success	[["1.1", "ब्राह्मण-", "षष्ठी-तत्पुरुषः,1.2"], ["1.2", "कम्बलः", "कर्ता,2.1"], ["2.1", "अस्ति", "अभिहित_कर्ता,1.2"], ["3.1", ".", "-,-"]]	1.0	1.0	1.0	True
305	इध्म-प्रव्रश्चनः	[["1.1", "इध्म-", "षष्ठी-तत्पुरुषः,1.2"], ["1.2", "प्रव्रश्चनः", "कर्ता,2.1"], ["2.1", "अस्ति", "-,-"]]	Success	[["1.1", "इध्म-", "षष्ठी-तत्पुरुषः,1.2"], ["1.2", "प्रव्रश्चनः", "कर्ता,2.1"], ["2.1", "अस्ति", "अभिहित_कर्ता,1.2"], ["3.1", ".", "-,-"]]	1.0	1.0	1.0	True
306	पलाश-शातनः	[["1.1", "पलाश-", "षष्ठी-तत्पुरुषः,1.2"], ["1.2", "शातनः", "कर्ता,2.1"], ["2.1", "अस्ति", "-,-"]]	Success	[["1.1", "पलाश-", "षष्ठी-तत्पुरुषः,1.2"], ["1.2", "शातनः", "कर्ता,2.1"], ["2.1", "अस्ति", "अभिहित_कर्ता,1.2"], ["3.1", ".", "-,-"]]	1.0	1.0	1.0	True
307	भिक्षा-द्वितीयं	[["1.1", "भिक्षा-", "षष्ठी-तत्पुरुषः,1.2"], ["1.2", "द्वितीयं", "कर्ता,2.1"], ["2.1", "अस्ति", "-,-"]]	Success	[["1.1", "भिक्षा-", "षष्ठी-तत्पुरुषः,1.2"], ["1.2", "द्वितीयं", "कर्ता,2.1"], ["2.1", "अस्ति", "अभिहित_कर्ता,1.2"], ["3.1", ".", "-,-"]]	1.0	1.0	1.0	True
308	भिक्षा-तृतीयं	[["1.1", "भिक्षा-", "षष्ठी-तत्पुरुषः,1.2"], ["1.2", "तृतीयं", "कर्ता,2.1"], ["2.1", "अस्ति", "-,-"]]	Success	[["1.1", "भिक्षा-", "षष्ठी-तत्पुरुषः,1.2"], ["1.2", "तृतीयं", "कर्ता,2.1"], ["2.1", "अस्ति", "अभिहित_कर्ता,1.2"], ["3.1", ".", "-,-"]]	1.0	1.0	1.0	True
309	भिक्षा-चतुर्थं	[["1.1", "भिक्षा-", "षष्ठी-तत्पुरुषः,1.2"], ["1.2", "चतुर्थं", "कर्ता,2.1"], ["2.1", "अस्ति", "-,-"]]	Success	[["1.1", "भिक्षा-", "षष्ठी-तत्पुरुषः,1.2"], ["1.2", "चतुर्थं", "कर्ता,2.1"], ["2.1", "अस्ति", "अभिहित_कर्ता,1.2"], ["3.1", ".", "-,-"]]	1.0	1.0	1.0	True
310	भिक्षा-तुर्यं	[["1.1", "भिक्षा-", "षष्ठी-तत्पुरुषः,1.2"], ["1.2", "तुर्यं", "कर्ता,2.1"], ["2.1", "अस्ति", "-,-"]]	Success	[["1.1", "भिक्षा-", "षष्ठी-तत्पुरुषः,1.2"], ["1.2", "तुर्यं", "कर्ता,2.1"], ["2.1", "अस्ति", "अभिहित_कर्ता,1.2"], ["3.1", ".", "-,-"]]	1.0	1.0	1.0	True
311	भिक्षा-तुरीयं	[["1.1", "भिक्षा-", "षष्ठी-तत्पुरुषः,1.2"], ["1.2", "तुरीयं", "कर्ता,2.1"], ["2.1", "अस्ति", "-,-"]]	Success	[["1.1", "भिक्षा-", "षष्ठी-तत्पुरुषः,1.2"], ["1.2", "तुरीयं", "कर्ता,2.1"], ["2.1", "अस्ति", "अभिहित_कर्ता,1.2"], ["3.1", ".", "-,-"]]	1.0	1.0	1.0	True