bahuvrīhiḥ	bahuvrīhiḥ
bahuvrīhiḥ	ṣaṣṭhī-tatpuruṣaḥ
nañ-tatpuruṣaḥ	nañ-tatpuruṣaḥ
upapada-tatpuruṣaḥ	karmadhārayaḥ
bahuvrīhiḥ	karmadhārayaḥ
dvandvaḥ	avyayībhāvaḥ
nañ-tatpuruṣaḥ	nañ-tatpuruṣaḥ
bahuvrīhiḥ	karmadhārayaḥ
karmadhārayaḥ	ṣaṣṭhī-tatpuruṣaḥ
nañ-tatpuruṣaḥ	nañ-tatpuruṣaḥ
nañ-tatpuruṣaḥ	nañ-tatpuruṣaḥ
nañ-tatpuruṣaḥ	nañ-tatpuruṣaḥ
ṣaṣṭhī-tatpuruṣaḥ	ṣaṣṭhī-tatpuruṣaḥ
nañ-tatpuruṣaḥ	nañ-tatpuruṣaḥ
bahuvrīhiḥ	bahuvrīhiḥ
ṣaṣṭhī-tatpuruṣaḥ	ṣaṣṭhī-tatpuruṣaḥ
upapada-tatpuruṣaḥ	ṣaṣṭhī-tatpuruṣaḥ
bahuvrīhiḥ	karmadhārayaḥ
bahuvrīhiḥ	karmadhārayaḥ
bahuvrīhiḥ	karmadhārayaḥ
bahuvrīhiḥ	nañ-tatpuruṣaḥ
karmadhārayaḥ	ṣaṣṭhī-tatpuruṣaḥ
karmadhārayaḥ	ṣaṣṭhī-tatpuruṣaḥ
bahuvrīhiḥ	bahuvrīhiḥ
avyayībhāvaḥ	tatpuruṣaḥ
saptamī-tatpuruṣaḥ	bahuvrīhiḥ
bahuvrīhiḥ	tatpuruṣaḥ
bahuvrīhiḥ	-
bahuvrīhiḥ	karmadhārayaḥ
ṣaṣṭhī-tatpuruṣaḥ	ṣaṣṭhī-tatpuruṣaḥ
upapada-tatpuruṣaḥ	ṣaṣṭhī-tatpuruṣaḥ
bahuvrīhiḥ	ṣaṣṭhī-tatpuruṣaḥ
ṣaṣṭhī-tatpuruṣaḥ	ṣaṣṭhī-tatpuruṣaḥ
tṛtīyā-tatpuruṣaḥ	bahuvrīhiḥ
bahuvrīhiḥ	tatpuruṣaḥ
karmadhārayaḥ	karmadhārayaḥ
karmadhārayaḥ	ṣaṣṭhī-tatpuruṣaḥ
karmadhārayaḥ	ṣaṣṭhī-tatpuruṣaḥ
bahuvrīhiḥ	bahuvrīhiḥ
karmadhārayaḥ	ṣaṣṭhī-tatpuruṣaḥ
bahuvrīhiḥ	karmadhārayaḥ
bahuvrīhiḥ	karmadhārayaḥ
saptamī-tatpuruṣaḥ	saptamī-tatpuruṣaḥ
nañ-tatpuruṣaḥ	nañ-tatpuruṣaḥ
saptamī-tatpuruṣaḥ	dvitīyā-tatpuruṣaḥ
bahuvrīhiḥ	karmadhārayaḥ
tatpuruṣaḥ	karmadhārayaḥ
bahuvrīhiḥ	nañ-tatpuruṣaḥ
bahuvrīhiḥ	karmadhārayaḥ
tatpuruṣaḥ	-
ṣaṣṭhī-tatpuruṣaḥ	pañcamī-tatpuruṣaḥ
pañcamī-tatpuruṣaḥ	bahuvrīhiḥ
bahuvrīhiḥ	karmadhārayaḥ
bahuvrīhiḥ	bahuvrīhiḥ
pañcamī-tatpuruṣaḥ	pañcamī-tatpuruṣaḥ
ṣaṣṭhī-tatpuruṣaḥ	ṣaṣṭhī-tatpuruṣaḥ
dvandvaḥ	dvandvaḥ
dvandvaḥ	dvandvaḥ
dvandvaḥ	dvandvaḥ
dvandvaḥ	dvandvaḥ
tṛtīyā-tatpuruṣaḥ	ṣaṣṭhī-tatpuruṣaḥ
nañ-tatpuruṣaḥ	nañ-tatpuruṣaḥ
nañ-tatpuruṣaḥ	nañ-tatpuruṣaḥ
nañ-tatpuruṣaḥ	nañ-tatpuruṣaḥ
nañ-tatpuruṣaḥ	nañ-tatpuruṣaḥ
dvandvaḥ	dvandvaḥ
pañcamī-tatpuruṣaḥ	pañcamī-tatpuruṣaḥ
bahuvrīhiḥ	ṣaṣṭhī-tatpuruṣaḥ
dvandvaḥ	dvandvaḥ
dvandvaḥ	dvandvaḥ
dvandvaḥ	dvandvaḥ
dvandvaḥ	dvandvaḥ
dvandvaḥ	dvandvaḥ
dvandvaḥ	dvandvaḥ
bahuvrīhiḥ	karmadhārayaḥ
ṣaṣṭhī-tatpuruṣaḥ	ṣaṣṭhī-tatpuruṣaḥ
ṣaṣṭhī-tatpuruṣaḥ	bahuvrīhiḥ
ṣaṣṭhī-tatpuruṣaḥ	ṣaṣṭhī-tatpuruṣaḥ
upapada-tatpuruṣaḥ	upapada-tatpuruṣaḥ
tṛtīyā-tatpuruṣaḥ	bahuvrīhiḥ
karmadhārayaḥ	saptamī-tatpuruṣaḥ
tṛtīyā-tatpuruṣaḥ	-
bahuvrīhiḥ	nañ-tatpuruṣaḥ
nañ-tatpuruṣaḥ	nañ-tatpuruṣaḥ
upapada-tatpuruṣaḥ	ṣaṣṭhī-tatpuruṣaḥ
tṛtīyā-tatpuruṣaḥ	tṛtīyā-tatpuruṣaḥ
bahuvrīhiḥ	nañ-tatpuruṣaḥ
karmadhārayaḥ	bahuvrīhiḥ
dvandvaḥ	dvandvaḥ
upapada-tatpuruṣaḥ	ṣaṣṭhī-tatpuruṣaḥ
ṣaṣṭhī-tatpuruṣaḥ	bahuvrīhiḥ
ṣaṣṭhī-tatpuruṣaḥ	karmadhārayaḥ
karmadhārayaḥ	ṣaṣṭhī-tatpuruṣaḥ
tṛtīyā-tatpuruṣaḥ	ṣaṣṭhī-tatpuruṣaḥ
tatpuruṣaḥ	tatpuruṣaḥ
ṣaṣṭhī-tatpuruṣaḥ	ṣaṣṭhī-tatpuruṣaḥ
bahuvrīhiḥ	karmadhārayaḥ
karmadhārayaḥ	karmadhārayaḥ
bahuvrīhiḥ	karmadhārayaḥ
dvandvaḥ	dvandvaḥ
ṣaṣṭhī-tatpuruṣaḥ	ṣaṣṭhī-tatpuruṣaḥ
bahuvrīhiḥ	ṣaṣṭhī-tatpuruṣaḥ
bahuvrīhiḥ	nañ-tatpuruṣaḥ
bahuvrīhiḥ	bahuvrīhiḥ
saptamī-tatpuruṣaḥ	ṣaṣṭhī-tatpuruṣaḥ
bahuvrīhiḥ	nañ-tatpuruṣaḥ
dvandvaḥ	dvandvaḥ
dvandvaḥ	dvandvaḥ
nañ-tatpuruṣaḥ	nañ-tatpuruṣaḥ
bahuvrīhiḥ	ṣaṣṭhī-tatpuruṣaḥ
nañ-tatpuruṣaḥ	nañ-tatpuruṣaḥ
bahuvrīhiḥ	ṣaṣṭhī-tatpuruṣaḥ
dvandvaḥ	dvandvaḥ
bahuvrīhiḥ	ṣaṣṭhī-tatpuruṣaḥ
karmadhārayaḥ	ṣaṣṭhī-tatpuruṣaḥ
bahuvrīhiḥ	ṣaṣṭhī-tatpuruṣaḥ
ṣaṣṭhī-tatpuruṣaḥ	bahuvrīhiḥ
karmadhārayaḥ	ṣaṣṭhī-tatpuruṣaḥ
ṣaṣṭhī-tatpuruṣaḥ	bahuvrīhiḥ
dvandvaḥ	dvandvaḥ
bahuvrīhiḥ	bahuvrīhiḥ
ṣaṣṭhī-tatpuruṣaḥ	ṣaṣṭhī-tatpuruṣaḥ
caturthī-tatpuruṣaḥ	ṣaṣṭhī-tatpuruṣaḥ
bahuvrīhiḥ	nañ-tatpuruṣaḥ
ṣaṣṭhī-tatpuruṣaḥ	ṣaṣṭhī-tatpuruṣaḥ
avyayībhāvaḥ	tatpuruṣaḥ
ṣaṣṭhī-tatpuruṣaḥ	ṣaṣṭhī-tatpuruṣaḥ
ṣaṣṭhī-tatpuruṣaḥ	karmadhārayaḥ
karmadhārayaḥ	ṣaṣṭhī-tatpuruṣaḥ
nañ-tatpuruṣaḥ	nañ-tatpuruṣaḥ
bahuvrīhiḥ	karmadhārayaḥ
dvandvaḥ	dvandvaḥ
nañ-tatpuruṣaḥ	nañ-tatpuruṣaḥ
bahuvrīhiḥ	karmadhārayaḥ
karmadhārayaḥ	karmadhārayaḥ
nañ-tatpuruṣaḥ	nañ-tatpuruṣaḥ
bahuvrīhiḥ	karmadhārayaḥ
karmadhārayaḥ	karmadhārayaḥ
bahuvrīhiḥ	karmadhārayaḥ
nañ-tatpuruṣaḥ	nañ-tatpuruṣaḥ
karmadhārayaḥ	karmadhārayaḥ
karmadhārayaḥ	karmadhārayaḥ
bahuvrīhiḥ	karmadhārayaḥ
dvandvaḥ	dvandvaḥ
upapada-tatpuruṣaḥ	bahuvrīhiḥ
karmadhārayaḥ	karmadhārayaḥ
bahuvrīhiḥ	karmadhārayaḥ
karmadhārayaḥ	karmadhārayaḥ
bahuvrīhiḥ	nañ-tatpuruṣaḥ
bahuvrīhiḥ	ṣaṣṭhī-tatpuruṣaḥ
bahuvrīhiḥ	ṣaṣṭhī-tatpuruṣaḥ
bahuvrīhiḥ	karmadhārayaḥ
tṛtīyā-tatpuruṣaḥ	karmadhārayaḥ
karmadhārayaḥ	ṣaṣṭhī-tatpuruṣaḥ
avyayībhāvaḥ	tatpuruṣaḥ
bahuvrīhiḥ	-
ṣaṣṭhī-tatpuruṣaḥ	bahuvrīhiḥ
nañ-tatpuruṣaḥ	nañ-tatpuruṣaḥ
nañ-tatpuruṣaḥ	-
ṣaṣṭhī-tatpuruṣaḥ	bahuvrīhiḥ
bahuvrīhiḥ	karmadhārayaḥ
nañ-tatpuruṣaḥ	nañ-tatpuruṣaḥ
ṣaṣṭhī-tatpuruṣaḥ	ṣaṣṭhī-tatpuruṣaḥ
saptamī-tatpuruṣaḥ	ṣaṣṭhī-tatpuruṣaḥ
caturthī-tatpuruṣaḥ	ṣaṣṭhī-tatpuruṣaḥ
karmadhārayaḥ	ṣaṣṭhī-tatpuruṣaḥ
bahuvrīhiḥ	ṣaṣṭhī-tatpuruṣaḥ
dvandvaḥ	karmadhārayaḥ
nañ-tatpuruṣaḥ	nañ-tatpuruṣaḥ
bahuvrīhiḥ	ṣaṣṭhī-tatpuruṣaḥ
ṣaṣṭhī-tatpuruṣaḥ	ṣaṣṭhī-tatpuruṣaḥ
tṛtīyā-tatpuruṣaḥ	karmadhārayaḥ
nañ-tatpuruṣaḥ	nañ-tatpuruṣaḥ
nañ-tatpuruṣaḥ	nañ-tatpuruṣaḥ
nañ-tatpuruṣaḥ	nañ-tatpuruṣaḥ
saptamī-tatpuruṣaḥ	bahuvrīhiḥ
bahuvrīhiḥ	karmadhārayaḥ
nañ-tatpuruṣaḥ	nañ-tatpuruṣaḥ
nañ-tatpuruṣaḥ	nañ-tatpuruṣaḥ
nañ-tatpuruṣaḥ	nañ-tatpuruṣaḥ
ṣaṣṭhī-tatpuruṣaḥ	bahuvrīhiḥ
bahuvrīhiḥ	nañ-tatpuruṣaḥ
bahuvrīhiḥ	bahuvrīhiḥ
saptamī-tatpuruṣaḥ	saptamī-tatpuruṣaḥ
pañcamī-tatpuruṣaḥ	ṣaṣṭhī-tatpuruṣaḥ
karmadhārayaḥ	ṣaṣṭhī-tatpuruṣaḥ
bahuvrīhiḥ	nañ-tatpuruṣaḥ
bahuvrīhiḥ	-
nañ-tatpuruṣaḥ	tatpuruṣaḥ
nañ-tatpuruṣaḥ	nañ-tatpuruṣaḥ
ṣaṣṭhī-tatpuruṣaḥ	bahuvrīhiḥ
bahuvrīhiḥ	nañ-tatpuruṣaḥ
nañ-tatpuruṣaḥ	nañ-tatpuruṣaḥ
karmadhārayaḥ	karmadhārayaḥ
bahuvrīhiḥ	nañ-tatpuruṣaḥ
nañ-tatpuruṣaḥ	bahuvrīhiḥ
dvandvaḥ	dvandvaḥ
karmadhārayaḥ	karmadhārayaḥ
karmadhārayaḥ	karmadhārayaḥ
ṣaṣṭhī-tatpuruṣaḥ	karmadhārayaḥ
karmadhārayaḥ	karmadhārayaḥ
nañ-tatpuruṣaḥ	nañ-tatpuruṣaḥ
bahuvrīhiḥ	bahuvrīhiḥ
karmadhārayaḥ	ṣaṣṭhī-tatpuruṣaḥ
karmadhārayaḥ	bahuvrīhiḥ
nañ-tatpuruṣaḥ	nañ-tatpuruṣaḥ
bahuvrīhiḥ	bahuvrīhiḥ
upapada-tatpuruṣaḥ	nañ-tatpuruṣaḥ
nañ-tatpuruṣaḥ	nañ-tatpuruṣaḥ
bahuvrīhiḥ	ṣaṣṭhī-tatpuruṣaḥ
ṣaṣṭhī-tatpuruṣaḥ	ṣaṣṭhī-tatpuruṣaḥ
tṛtīyā-tatpuruṣaḥ	bahuvrīhiḥ
nañ-tatpuruṣaḥ	-
dvandvaḥ	dvandvaḥ
nañ-tatpuruṣaḥ	nañ-tatpuruṣaḥ
dvitīyā-tatpuruṣaḥ	ṣaṣṭhī-tatpuruṣaḥ
bahuvrīhiḥ	pañcamī-tatpuruṣaḥ
tṛtīyā-tatpuruṣaḥ	ṣaṣṭhī-tatpuruṣaḥ
bahuvrīhiḥ	nañ-tatpuruṣaḥ
karmadhārayaḥ	tṛtīyā-tatpuruṣaḥ
tṛtīyā-tatpuruṣaḥ	ṣaṣṭhī-tatpuruṣaḥ
bahuvrīhiḥ	nañ-tatpuruṣaḥ
tṛtīyā-tatpuruṣaḥ	bahuvrīhiḥ
karmadhārayaḥ	ṣaṣṭhī-tatpuruṣaḥ
caturthī-tatpuruṣaḥ	ṣaṣṭhī-tatpuruṣaḥ
karmadhārayaḥ	ṣaṣṭhī-tatpuruṣaḥ
bahuvrīhiḥ	bahuvrīhiḥ
dvitīyā-tatpuruṣaḥ	dvitīyā-tatpuruṣaḥ
bahuvrīhiḥ	-
ṣaṣṭhī-tatpuruṣaḥ	ṣaṣṭhī-tatpuruṣaḥ
tṛtīyā-tatpuruṣaḥ	ṣaṣṭhī-tatpuruṣaḥ
bahuvrīhiḥ	karmadhārayaḥ
nañ-tatpuruṣaḥ	nañ-tatpuruṣaḥ
bahuvrīhiḥ	karmadhārayaḥ
saptamī-tatpuruṣaḥ	upapada-tatpuruṣaḥ
tṛtīyā-tatpuruṣaḥ	ṣaṣṭhī-tatpuruṣaḥ
bahuvrīhiḥ	ṣaṣṭhī-tatpuruṣaḥ
nañ-tatpuruṣaḥ	nañ-tatpuruṣaḥ
nañ-tatpuruṣaḥ	nañ-tatpuruṣaḥ
upapada-tatpuruṣaḥ	karmadhārayaḥ
dvandvaḥ	dvandvaḥ
dvandvaḥ	dvandvaḥ
dvandvaḥ	dvandvaḥ
bahuvrīhiḥ	nañ-tatpuruṣaḥ
tatpuruṣaḥ	-
nañ-tatpuruṣaḥ	nañ-tatpuruṣaḥ
upapada-tatpuruṣaḥ	ṣaṣṭhī-tatpuruṣaḥ
tatpuruṣaḥ	tatpuruṣaḥ
pañcamī-tatpuruṣaḥ	pañcamī-tatpuruṣaḥ
pañcamī-tatpuruṣaḥ	-
karmadhārayaḥ	dvitīyā-tatpuruṣaḥ
karmadhārayaḥ	karmadhārayaḥ
dvandvaḥ	dvandvaḥ
dvandvaḥ	dvandvaḥ
nañ-tatpuruṣaḥ	nañ-tatpuruṣaḥ
ṣaṣṭhī-tatpuruṣaḥ	ṣaṣṭhī-tatpuruṣaḥ
nañ-tatpuruṣaḥ	-
bahuvrīhiḥ	ṣaṣṭhī-tatpuruṣaḥ
bahuvrīhiḥ	pañcamī-tatpuruṣaḥ
ṣaṣṭhī-tatpuruṣaḥ	ṣaṣṭhī-tatpuruṣaḥ
bahuvrīhiḥ	ṣaṣṭhī-tatpuruṣaḥ
bahuvrīhiḥ	bahuvrīhiḥ
bahuvrīhiḥ	karmadhārayaḥ
nañ-bahuvrīhiḥ	nañ-tatpuruṣaḥ
ṣaṣṭhī-tatpuruṣaḥ	bahuvrīhiḥ
nañ-tatpuruṣaḥ	nañ-tatpuruṣaḥ
tṛtīyā-tatpuruṣaḥ	ṣaṣṭhī-tatpuruṣaḥ
bahuvrīhiḥ	bahuvrīhiḥ
upapada-tatpuruṣaḥ	ṣaṣṭhī-tatpuruṣaḥ
bahuvrīhiḥ	karmadhārayaḥ
karmadhārayaḥ	karmadhārayaḥ
tatpuruṣaḥ	-
ṣaṣṭhī-tatpuruṣaḥ	ṣaṣṭhī-tatpuruṣaḥ
ṣaṣṭhī-tatpuruṣaḥ	ṣaṣṭhī-tatpuruṣaḥ
saptamī-tatpuruṣaḥ	karmadhārayaḥ
kevala-samāsaḥ	ṣaṣṭhī-tatpuruṣaḥ
bahuvrīhiḥ	tatpuruṣaḥ
bahuvrīhiḥ	-
nañ-tatpuruṣaḥ	nañ-tatpuruṣaḥ
karmadhārayaḥ	ṣaṣṭhī-tatpuruṣaḥ
nañ-tatpuruṣaḥ	nañ-tatpuruṣaḥ
karmadhārayaḥ	saptamī-tatpuruṣaḥ
bahuvrīhiḥ	ṣaṣṭhī-tatpuruṣaḥ
ṣaṣṭhī-tatpuruṣaḥ	bahuvrīhiḥ
ṣaṣṭhī-tatpuruṣaḥ	bahuvrīhiḥ
bahuvrīhiḥ	nañ-tatpuruṣaḥ
dvandvaḥ	dvandvaḥ
upapada-tatpuruṣaḥ	bahuvrīhiḥ
dvandvaḥ	dvandvaḥ
dvandvaḥ	dvandvaḥ
dvandvaḥ	dvandvaḥ
ṣaṣṭhī-tatpuruṣaḥ	karmadhārayaḥ
dvandvaḥ	dvandvaḥ
tṛtīyā-tatpuruṣaḥ	ṣaṣṭhī-tatpuruṣaḥ
bahuvrīhiḥ	bahuvrīhiḥ
saptamī-tatpuruṣaḥ	bahuvrīhiḥ
bahuvrīhiḥ	karmadhārayaḥ
karmadhārayaḥ	karmadhārayaḥ
bahuvrīhiḥ	bahuvrīhiḥ
ṣaṣṭhī-tatpuruṣaḥ	bahuvrīhiḥ
bahuvrīhiḥ	ṣaṣṭhī-tatpuruṣaḥ
upapada-tatpuruṣaḥ	-
dvandvaḥ	dvandvaḥ
ṣaṣṭhī-tatpuruṣaḥ	-
bahuvrīhiḥ	nañ-tatpuruṣaḥ
bahuvrīhiḥ	nañ-tatpuruṣaḥ
ṣaṣṭhī-tatpuruṣaḥ	ṣaṣṭhī-tatpuruṣaḥ
saptamī-tatpuruṣaḥ	bahuvrīhiḥ
kevala-samāsaḥ	ṣaṣṭhī-tatpuruṣaḥ
bahuvrīhiḥ	tatpuruṣaḥ
saptamī-tatpuruṣaḥ	ṣaṣṭhī-tatpuruṣaḥ
upapada-tatpuruṣaḥ	bahuvrīhiḥ
upapada-tatpuruṣaḥ	ṣaṣṭhī-tatpuruṣaḥ
nañ-tatpuruṣaḥ	nañ-tatpuruṣaḥ
dvandvaḥ	dvandvaḥ
ṣaṣṭhī-tatpuruṣaḥ	karmadhārayaḥ
bahuvrīhiḥ	bahuvrīhiḥ
ṣaṣṭhī-tatpuruṣaḥ	ṣaṣṭhī-tatpuruṣaḥ
bahuvrīhiḥ	tatpuruṣaḥ
ṣaṣṭhī-tatpuruṣaḥ	karmadhārayaḥ
tatpuruṣaḥ	-
ṣaṣṭhī-tatpuruṣaḥ	ṣaṣṭhī-tatpuruṣaḥ
tṛtīyā-tatpuruṣaḥ	bahuvrīhiḥ
nañ-tatpuruṣaḥ	nañ-tatpuruṣaḥ
tṛtīyā-tatpuruṣaḥ	ṣaṣṭhī-tatpuruṣaḥ
bahuvrīhiḥ	ṣaṣṭhī-tatpuruṣaḥ
nañ-tatpuruṣaḥ	nañ-tatpuruṣaḥ
ṣaṣṭhī-tatpuruṣaḥ	ṣaṣṭhī-tatpuruṣaḥ
saptamī-tatpuruṣaḥ	ṣaṣṭhī-tatpuruṣaḥ
karmadhārayaḥ	ṣaṣṭhī-tatpuruṣaḥ
bahuvrīhiḥ	bahuvrīhiḥ
dvandvaḥ	dvandvaḥ
ṣaṣṭhī-tatpuruṣaḥ	ṣaṣṭhī-tatpuruṣaḥ
bahuvrīhiḥ	ṣaṣṭhī-tatpuruṣaḥ
ṣaṣṭhī-tatpuruṣaḥ	ṣaṣṭhī-tatpuruṣaḥ
bahuvrīhiḥ	karmadhārayaḥ
dvandvaḥ	dvandvaḥ
ṣaṣṭhī-tatpuruṣaḥ	bahuvrīhiḥ
dvandvaḥ	dvandvaḥ
saptamī-tatpuruṣaḥ	ṣaṣṭhī-tatpuruṣaḥ
bahuvrīhiḥ	bahuvrīhiḥ
karmadhārayaḥ	karmadhārayaḥ
dvandvaḥ	ṣaṣṭhī-tatpuruṣaḥ
ṣaṣṭhī-tatpuruṣaḥ	upapada-tatpuruṣaḥ
ṣaṣṭhī-tatpuruṣaḥ	karmadhārayaḥ
ṣaṣṭhī-tatpuruṣaḥ	karmadhārayaḥ
pañcamī-tatpuruṣaḥ	bahuvrīhiḥ
karmadhārayaḥ	bahuvrīhiḥ
nañ-tatpuruṣaḥ	nañ-tatpuruṣaḥ
bahuvrīhiḥ	karmadhārayaḥ
dvandvaḥ	dvandvaḥ
bahuvrīhiḥ	karmadhārayaḥ
bahuvrīhiḥ	bahuvrīhiḥ
dvandvaḥ	dvandvaḥ
dvandvaḥ	dvandvaḥ
bahuvrīhiḥ	karmadhārayaḥ
karmadhārayaḥ	karmadhārayaḥ
bahuvrīhiḥ	ṣaṣṭhī-tatpuruṣaḥ
bahuvrīhiḥ	bahuvrīhiḥ
bahuvrīhiḥ	dvigu-tatpuruṣaḥ
ṣaṣṭhī-tatpuruṣaḥ	karmadhārayaḥ
dvandvaḥ	dvandvaḥ
dvandvaḥ	karmadhārayaḥ
nañ-tatpuruṣaḥ	nañ-tatpuruṣaḥ
dvandvaḥ	karmadhārayaḥ
nañ-tatpuruṣaḥ	nañ-tatpuruṣaḥ
karmadhārayaḥ	karmadhārayaḥ
karmadhārayaḥ	karmadhārayaḥ
bahuvrīhiḥ	karmadhārayaḥ
dvandvaḥ	dvandvaḥ
upapada-tatpuruṣaḥ	ṣaṣṭhī-tatpuruṣaḥ
bahuvrīhiḥ	bahuvrīhiḥ
dvandvaḥ	dvandvaḥ
dvandvaḥ	dvandvaḥ
nañ-tatpuruṣaḥ	karmadhārayaḥ
dvandvaḥ	karmadhārayaḥ
bahuvrīhiḥ	nañ-tatpuruṣaḥ
bahuvrīhiḥ	karmadhārayaḥ
dvandvaḥ	bahuvrīhiḥ
ṣaṣṭhī-tatpuruṣaḥ	ṣaṣṭhī-tatpuruṣaḥ
dvandvaḥ	dvandvaḥ
dvandvaḥ	dvandvaḥ
ṣaṣṭhī-tatpuruṣaḥ	bahuvrīhiḥ
karmadhārayaḥ	karmadhārayaḥ
ṣaṣṭhī-tatpuruṣaḥ	ṣaṣṭhī-tatpuruṣaḥ
dvitīyā-tatpuruṣaḥ	dvitīyā-tatpuruṣaḥ
nañ-tatpuruṣaḥ	nañ-tatpuruṣaḥ
nañ-tatpuruṣaḥ	nañ-tatpuruṣaḥ
bahuvrīhiḥ	bahuvrīhiḥ
bahuvrīhiḥ	bahuvrīhiḥ
nañ-tatpuruṣaḥ	nañ-tatpuruṣaḥ
ṣaṣṭhī-tatpuruṣaḥ	ṣaṣṭhī-tatpuruṣaḥ
bahuvrīhiḥ	karmadhārayaḥ
bahuvrīhiḥ	ṣaṣṭhī-tatpuruṣaḥ
ṣaṣṭhī-tatpuruṣaḥ	bahuvrīhiḥ
nañ-tatpuruṣaḥ	nañ-tatpuruṣaḥ
bahuvrīhiḥ	karmadhārayaḥ
bahuvrīhiḥ	nañ-tatpuruṣaḥ
ṣaṣṭhī-tatpuruṣaḥ	ṣaṣṭhī-tatpuruṣaḥ
ṣaṣṭhī-tatpuruṣaḥ	karmadhārayaḥ
bahuvrīhiḥ	bahuvrīhiḥ
bahuvrīhiḥ	nañ-tatpuruṣaḥ
bahuvrīhiḥ	-
upapada-tatpuruṣaḥ	ṣaṣṭhī-tatpuruṣaḥ
karmadhārayaḥ	karmadhārayaḥ
nañ-tatpuruṣaḥ	-
upapada-tatpuruṣaḥ	bahuvrīhiḥ
ṣaṣṭhī-tatpuruṣaḥ	ṣaṣṭhī-tatpuruṣaḥ
ṣaṣṭhī-tatpuruṣaḥ	ṣaṣṭhī-tatpuruṣaḥ
ṣaṣṭhī-tatpuruṣaḥ	bahuvrīhiḥ
ṣaṣṭhī-tatpuruṣaḥ	bahuvrīhiḥ
nañ-tatpuruṣaḥ	nañ-tatpuruṣaḥ
karmadhārayaḥ	karmadhārayaḥ
tṛtīyā-tatpuruṣaḥ	karmadhārayaḥ
tṛtīyā-tatpuruṣaḥ	karmadhārayaḥ
bahuvrīhiḥ	karmadhārayaḥ
karmadhārayaḥ	karmadhārayaḥ
ṣaṣṭhī-tatpuruṣaḥ	karmadhārayaḥ
bahuvrīhiḥ	ṣaṣṭhī-tatpuruṣaḥ
avyayībhāvaḥ	tatpuruṣaḥ
saptamī-tatpuruṣaḥ	karmadhārayaḥ
avyayībhāvaḥ	tatpuruṣaḥ
avyayībhāvaḥ	tatpuruṣaḥ
nañ-tatpuruṣaḥ	nañ-tatpuruṣaḥ
bahuvrīhiḥ	karmadhārayaḥ
bahuvrīhiḥ	ṣaṣṭhī-tatpuruṣaḥ
dvandvaḥ	bahuvrīhiḥ
upapada-tatpuruṣaḥ	upapada-tatpuruṣaḥ
ṣaṣṭhī-tatpuruṣaḥ	karmadhārayaḥ
dvandvaḥ	dvandvaḥ
upapada-tatpuruṣaḥ	ṣaṣṭhī-tatpuruṣaḥ
upapada-tatpuruṣaḥ	karmadhārayaḥ
nañ-tatpuruṣaḥ	nañ-tatpuruṣaḥ
tṛtīyā-tatpuruṣaḥ	karmadhārayaḥ
bahuvrīhiḥ	bahuvrīhiḥ
ṣaṣṭhī-tatpuruṣaḥ	ṣaṣṭhī-tatpuruṣaḥ
tṛtīyā-tatpuruṣaḥ	tṛtīyā-tatpuruṣaḥ
ṣaṣṭhī-tatpuruṣaḥ	bahuvrīhiḥ
ṣaṣṭhī-tatpuruṣaḥ	ṣaṣṭhī-tatpuruṣaḥ
tṛtīyā-tatpuruṣaḥ	tṛtīyā-tatpuruṣaḥ
upapada-tatpuruṣaḥ	upapada-tatpuruṣaḥ
dvandvaḥ	dvitīyā-tatpuruṣaḥ
nañ-tatpuruṣaḥ	nañ-tatpuruṣaḥ
ṣaṣṭhī-tatpuruṣaḥ	dvitīyā-tatpuruṣaḥ
karmadhārayaḥ	ṣaṣṭhī-tatpuruṣaḥ
karmadhārayaḥ	karmadhārayaḥ
tṛtīyā-tatpuruṣaḥ	ṣaṣṭhī-tatpuruṣaḥ
bahuvrīhiḥ	karmadhārayaḥ
bahuvrīhiḥ	pañcamī-tatpuruṣaḥ
ṣaṣṭhī-tatpuruṣaḥ	bahuvrīhiḥ
nañ-tatpuruṣaḥ	nañ-tatpuruṣaḥ
bahuvrīhiḥ	karmadhārayaḥ
karmadhārayaḥ	karmadhārayaḥ
bahuvrīhiḥ	bahuvrīhiḥ
nañ-tatpuruṣaḥ	nañ-tatpuruṣaḥ
ṣaṣṭhī-tatpuruṣaḥ	bahuvrīhiḥ
karmadhārayaḥ	karmadhārayaḥ
karmadhārayaḥ	tatpuruṣaḥ
nañ-tatpuruṣaḥ	nañ-tatpuruṣaḥ
karmadhārayaḥ	saptamī-tatpuruṣaḥ
bahuvrīhiḥ	nañ-tatpuruṣaḥ
karmadhārayaḥ	bahuvrīhiḥ
ṣaṣṭhī-tatpuruṣaḥ	bahuvrīhiḥ
nañ-tatpuruṣaḥ	nañ-tatpuruṣaḥ
bahuvrīhiḥ	pañcamī-tatpuruṣaḥ
ṣaṣṭhī-tatpuruṣaḥ	dvitīyā-tatpuruṣaḥ
dvandvaḥ	dvandvaḥ
dvandvaḥ	dvandvaḥ
caturthī-tatpuruṣaḥ	ṣaṣṭhī-tatpuruṣaḥ
nañ-tatpuruṣaḥ	nañ-tatpuruṣaḥ
bahuvrīhiḥ	karmadhārayaḥ
nañ-tatpuruṣaḥ	-
dvandvaḥ	dvandvaḥ
tṛtīyā-tatpuruṣaḥ	pañcamī-tatpuruṣaḥ
dvandvaḥ	karmadhārayaḥ
nañ-tatpuruṣaḥ	nañ-tatpuruṣaḥ
bahuvrīhiḥ	tatpuruṣaḥ
ṣaṣṭhī-tatpuruṣaḥ	ṣaṣṭhī-tatpuruṣaḥ
bahuvrīhiḥ	tatpuruṣaḥ
ṣaṣṭhī-tatpuruṣaḥ	karmadhārayaḥ
tatpuruṣaḥ	-
ṣaṣṭhī-tatpuruṣaḥ	bahuvrīhiḥ
ṣaṣṭhī-tatpuruṣaḥ	karmadhārayaḥ
upapada-tatpuruṣaḥ	-
tatpuruṣaḥ	tatpuruṣaḥ
dvandvaḥ	dvandvaḥ
pañcamī-tatpuruṣaḥ	itaretara-dvandvaḥ
bahuvrīhiḥ	ṣaṣṭhī-tatpuruṣaḥ
bahuvrīhiḥ	karmadhārayaḥ
bahuvrīhiḥ	ṣaṣṭhī-tatpuruṣaḥ
dvandvaḥ	dvandvaḥ
ṣaṣṭhī-tatpuruṣaḥ	bahuvrīhiḥ
ṣaṣṭhī-tatpuruṣaḥ	bahuvrīhiḥ
dvandvaḥ	dvandvaḥ
dvandvaḥ	dvandvaḥ
dvandvaḥ	dvandvaḥ
dvandvaḥ	dvandvaḥ
dvandvaḥ	dvandvaḥ
dvandvaḥ	dvandvaḥ
dvandvaḥ	dvandvaḥ
dvandvaḥ	dvandvaḥ
upapada-tatpuruṣaḥ	ṣaṣṭhī-tatpuruṣaḥ
saptamī-tatpuruṣaḥ	ṣaṣṭhī-tatpuruṣaḥ
dvandvaḥ	dvandvaḥ
ṣaṣṭhī-tatpuruṣaḥ	-
ṣaṣṭhī-tatpuruṣaḥ	bahuvrīhiḥ
avyayībhāvaḥ	tatpuruṣaḥ
karmadhārayaḥ	ṣaṣṭhī-tatpuruṣaḥ
bahuvrīhiḥ	bahuvrīhiḥ
bahuvrīhiḥ	bahuvrīhiḥ
bahuvrīhiḥ	karmadhārayaḥ
upapada-tatpuruṣaḥ	ṣaṣṭhī-tatpuruṣaḥ
ṣaṣṭhī-tatpuruṣaḥ	ṣaṣṭhī-tatpuruṣaḥ
upapada-tatpuruṣaḥ	karmadhārayaḥ
karmadhārayaḥ	karmadhārayaḥ
ṣaṣṭhī-tatpuruṣaḥ	bahuvrīhiḥ
ṣaṣṭhī-tatpuruṣaḥ	ṣaṣṭhī-tatpuruṣaḥ
ṣaṣṭhī-tatpuruṣaḥ	bahuvrīhiḥ
ṣaṣṭhī-tatpuruṣaḥ	ṣaṣṭhī-tatpuruṣaḥ
ṣaṣṭhī-tatpuruṣaḥ	bahuvrīhiḥ
tṛtīyā-tatpuruṣaḥ	avyayībhāvaḥ
ṣaṣṭhī-tatpuruṣaḥ	karmadhārayaḥ
ṣaṣṭhī-tatpuruṣaḥ	bahuvrīhiḥ
ṣaṣṭhī-tatpuruṣaḥ	ṣaṣṭhī-tatpuruṣaḥ
karmadhārayaḥ	karmadhārayaḥ
nañ-tatpuruṣaḥ	nañ-tatpuruṣaḥ
ṣaṣṭhī-tatpuruṣaḥ	bahuvrīhiḥ
ṣaṣṭhī-tatpuruṣaḥ	itaretara-dvandvaḥ
saptamī-tatpuruṣaḥ	ṣaṣṭhī-tatpuruṣaḥ
ṣaṣṭhī-tatpuruṣaḥ	ṣaṣṭhī-tatpuruṣaḥ
nañ-tatpuruṣaḥ	nañ-tatpuruṣaḥ
nañ-tatpuruṣaḥ	nañ-tatpuruṣaḥ
nañ-tatpuruṣaḥ	nañ-tatpuruṣaḥ
nañ-tatpuruṣaḥ	nañ-tatpuruṣaḥ
nañ-tatpuruṣaḥ	nañ-tatpuruṣaḥ
nañ-tatpuruṣaḥ	nañ-tatpuruṣaḥ
bahuvrīhiḥ	tatpuruṣaḥ
bahuvrīhiḥ	nañ-tatpuruṣaḥ
bahuvrīhiḥ	nañ-tatpuruṣaḥ
bahuvrīhiḥ	ṣaṣṭhī-tatpuruṣaḥ
bahuvrīhiḥ	karmadhārayaḥ
dvandvaḥ	dvandvaḥ
dvandvaḥ	dvandvaḥ
karmadhārayaḥ	bahuvrīhiḥ
ṣaṣṭhī-tatpuruṣaḥ	bahuvrīhiḥ
avyayībhāvaḥ	saptamī-tatpuruṣaḥ
nañ-tatpuruṣaḥ	-
tṛtīyā-tatpuruṣaḥ	ṣaṣṭhī-tatpuruṣaḥ
tṛtīyā-tatpuruṣaḥ	ṣaṣṭhī-tatpuruṣaḥ
dvitīyā-tatpuruṣaḥ	dvitīyā-tatpuruṣaḥ
nañ-tatpuruṣaḥ	nañ-tatpuruṣaḥ
karmadhārayaḥ	tatpuruṣaḥ
nañ-tatpuruṣaḥ	nañ-tatpuruṣaḥ
bahuvrīhiḥ	bahuvrīhiḥ
dvandvaḥ	dvandvaḥ
bahuvrīhiḥ	bahuvrīhiḥ
tatpuruṣaḥ	bahuvrīhiḥ
ṣaṣṭhī-tatpuruṣaḥ	ṣaṣṭhī-tatpuruṣaḥ
bahuvrīhiḥ	bahuvrīhiḥ
upapada-tatpuruṣaḥ	-
pañcamī-tatpuruṣaḥ	pañcamī-tatpuruṣaḥ
karmadhārayaḥ	karmadhārayaḥ
ṣaṣṭhī-tatpuruṣaḥ	bahuvrīhiḥ
bahuvrīhiḥ	tatpuruṣaḥ
bahuvrīhiḥ	tatpuruṣaḥ
bahuvrīhiḥ	ṣaṣṭhī-tatpuruṣaḥ
nañ-tatpuruṣaḥ	nañ-tatpuruṣaḥ
karmadhārayaḥ	ṣaṣṭhī-tatpuruṣaḥ
upapada-tatpuruṣaḥ	ṣaṣṭhī-tatpuruṣaḥ
nañ-tatpuruṣaḥ	nañ-tatpuruṣaḥ
karmadhārayaḥ	karmadhārayaḥ
bahuvrīhiḥ	ṣaṣṭhī-tatpuruṣaḥ
karmadhārayaḥ	ṣaṣṭhī-tatpuruṣaḥ
bahuvrīhiḥ	karmadhārayaḥ
karmadhārayaḥ	ṣaṣṭhī-tatpuruṣaḥ
bahuvrīhiḥ	ṣaṣṭhī-tatpuruṣaḥ
saptamī-tatpuruṣaḥ	karmadhārayaḥ
nañ-tatpuruṣaḥ	-
upapada-tatpuruṣaḥ	upapada-tatpuruṣaḥ
nañ-tatpuruṣaḥ	nañ-tatpuruṣaḥ
upapada-tatpuruṣaḥ	upapada-tatpuruṣaḥ
ṣaṣṭhī-tatpuruṣaḥ	karmadhārayaḥ
dvandvaḥ	dvandvaḥ
dvandvaḥ	dvandvaḥ
ṣaṣṭhī-tatpuruṣaḥ	karmadhārayaḥ
karmadhārayaḥ	ṣaṣṭhī-tatpuruṣaḥ
nañ-tatpuruṣaḥ	nañ-tatpuruṣaḥ
bahuvrīhiḥ	karmadhārayaḥ
dvandvaḥ	dvandvaḥ
nañ-tatpuruṣaḥ	nañ-tatpuruṣaḥ
bahuvrīhiḥ	karmadhārayaḥ
karmadhārayaḥ	karmadhārayaḥ
nañ-tatpuruṣaḥ	nañ-tatpuruṣaḥ
bahuvrīhiḥ	karmadhārayaḥ
karmadhārayaḥ	karmadhārayaḥ
bahuvrīhiḥ	karmadhārayaḥ
nañ-tatpuruṣaḥ	nañ-tatpuruṣaḥ
karmadhārayaḥ	karmadhārayaḥ
karmadhārayaḥ	karmadhārayaḥ
bahuvrīhiḥ	karmadhārayaḥ
dvandvaḥ	dvandvaḥ
upapada-tatpuruṣaḥ	bahuvrīhiḥ
karmadhārayaḥ	karmadhārayaḥ
bahuvrīhiḥ	karmadhārayaḥ
karmadhārayaḥ	karmadhārayaḥ
bahuvrīhiḥ	nañ-tatpuruṣaḥ
bahuvrīhiḥ	ṣaṣṭhī-tatpuruṣaḥ
ṣaṣṭhī-tatpuruṣaḥ	ṣaṣṭhī-tatpuruṣaḥ
tṛtīyā-tatpuruṣaḥ	ṣaṣṭhī-tatpuruṣaḥ
bahuvrīhiḥ	tatpuruṣaḥ
bahuvrīhiḥ	-
bahuvrīhiḥ	bahuvrīhiḥ
nañ-tatpuruṣaḥ	nañ-tatpuruṣaḥ
dvitīyā-tatpuruṣaḥ	bahuvrīhiḥ
bahuvrīhiḥ	-
nañ-tatpuruṣaḥ	nañ-tatpuruṣaḥ
bahuvrīhiḥ	nañ-tatpuruṣaḥ
bahuvrīhiḥ	ṣaṣṭhī-tatpuruṣaḥ
dvandvaḥ	dvandvaḥ
upapada-tatpuruṣaḥ	karmadhārayaḥ
bahuvrīhiḥ	karmadhārayaḥ
bahuvrīhiḥ	ṣaṣṭhī-tatpuruṣaḥ
dvandvaḥ	dvandvaḥ
dvandvaḥ	dvandvaḥ
dvandvaḥ	dvandvaḥ
bahuvrīhiḥ	bahuvrīhiḥ
bahuvrīhiḥ	-
ṣaṣṭhī-tatpuruṣaḥ	bahuvrīhiḥ
dvandvaḥ	karmadhārayaḥ
nañ-tatpuruṣaḥ	nañ-tatpuruṣaḥ
karmadhārayaḥ	upamānam
ṣaṣṭhī-tatpuruṣaḥ	bahuvrīhiḥ
nañ-tatpuruṣaḥ	nañ-tatpuruṣaḥ
bahuvrīhiḥ	ṣaṣṭhī-tatpuruṣaḥ
dvitīyā-tatpuruṣaḥ	bahuvrīhiḥ
nañ-tatpuruṣaḥ	nañ-tatpuruṣaḥ
ṣaṣṭhī-tatpuruṣaḥ	bahuvrīhiḥ
ṣaṣṭhī-tatpuruṣaḥ	itaretara-dvandvaḥ
saptamī-tatpuruṣaḥ	ṣaṣṭhī-tatpuruṣaḥ
ṣaṣṭhī-tatpuruṣaḥ	ṣaṣṭhī-tatpuruṣaḥ
nañ-tatpuruṣaḥ	nañ-tatpuruṣaḥ
nañ-tatpuruṣaḥ	nañ-tatpuruṣaḥ
nañ-tatpuruṣaḥ	nañ-tatpuruṣaḥ
nañ-tatpuruṣaḥ	nañ-tatpuruṣaḥ
nañ-tatpuruṣaḥ	nañ-tatpuruṣaḥ
nañ-tatpuruṣaḥ	nañ-tatpuruṣaḥ
nañ-tatpuruṣaḥ	ṣaṣṭhī-tatpuruṣaḥ
bahuvrīhiḥ	bahuvrīhiḥ
bahuvrīhiḥ	ṣaṣṭhī-tatpuruṣaḥ
dvandvaḥ	dvandvaḥ
upapada-tatpuruṣaḥ	karmadhārayaḥ
bahuvrīhiḥ	karmadhārayaḥ
bahuvrīhiḥ	ṣaṣṭhī-tatpuruṣaḥ
dvandvaḥ	dvandvaḥ
dvandvaḥ	dvandvaḥ
dvandvaḥ	dvandvaḥ
bahuvrīhiḥ	bahuvrīhiḥ
bahuvrīhiḥ	-
ṣaṣṭhī-tatpuruṣaḥ	bahuvrīhiḥ
saptamī-tatpuruṣaḥ	bahuvrīhiḥ
bahuvrīhiḥ	bahuvrīhiḥ
dvandvaḥ	dvandvaḥ
ṣaṣṭhī-tatpuruṣaḥ	pañcamī-tatpuruṣaḥ
saptamī-tatpuruṣaḥ	bahuvrīhiḥ
tṛtīyā-tatpuruṣaḥ	ṣaṣṭhī-tatpuruṣaḥ
dvandvaḥ	dvandvaḥ
dvandvaḥ	dvandvaḥ
tṛtīyā-tatpuruṣaḥ	pañcamī-tatpuruṣaḥ
karmadhārayaḥ	bahuvrīhiḥ
bahuvrīhiḥ	nañ-tatpuruṣaḥ
nañ-tatpuruṣaḥ	bahuvrīhiḥ
ṣaṣṭhī-tatpuruṣaḥ	karmadhārayaḥ
bahuvrīhiḥ	pañcamī-tatpuruṣaḥ
bahuvrīhiḥ	bahuvrīhiḥ
bahuvrīhiḥ	tatpuruṣaḥ
avyayībhāvaḥ	tatpuruṣaḥ
ṣaṣṭhī-tatpuruṣaḥ	bahuvrīhiḥ
bahuvrīhiḥ	karmadhārayaḥ
nañ-tatpuruṣaḥ	-
nañ-tatpuruṣaḥ	nañ-tatpuruṣaḥ
bahuvrīhiḥ	ṣaṣṭhī-tatpuruṣaḥ
karmadhārayaḥ	karmadhārayaḥ
bahuvrīhiḥ	ṣaṣṭhī-tatpuruṣaḥ
karmadhārayaḥ	bahuvrīhiḥ
ṣaṣṭhī-tatpuruṣaḥ	ṣaṣṭhī-tatpuruṣaḥ
karmadhārayaḥ	karmadhārayaḥ
ṣaṣṭhī-tatpuruṣaḥ	bahuvrīhiḥ
bahuvrīhiḥ	dvigu-tatpuruṣaḥ
nañ-tatpuruṣaḥ	nañ-tatpuruṣaḥ
nañ-tatpuruṣaḥ	nañ-tatpuruṣaḥ
bahuvrīhiḥ	karmadhārayaḥ
nañ-tatpuruṣaḥ	nañ-tatpuruṣaḥ
upapada-tatpuruṣaḥ	upapada-tatpuruṣaḥ
ṣaṣṭhī-tatpuruṣaḥ	-
ṣaṣṭhī-tatpuruṣaḥ	karmadhārayaḥ
ṣaṣṭhī-tatpuruṣaḥ	pañcamī-tatpuruṣaḥ
pañcamī-tatpuruṣaḥ	karmadhārayaḥ
nañ-tatpuruṣaḥ	nañ-tatpuruṣaḥ
nañ-tatpuruṣaḥ	nañ-tatpuruṣaḥ
ṣaṣṭhī-tatpuruṣaḥ	ṣaṣṭhī-tatpuruṣaḥ
bahuvrīhiḥ	ṣaṣṭhī-tatpuruṣaḥ
upapada-tatpuruṣaḥ	upapada-tatpuruṣaḥ
bahuvrīhiḥ	nañ-tatpuruṣaḥ
bahuvrīhiḥ	bahuvrīhiḥ
karmadhārayaḥ	karmadhārayaḥ
ṣaṣṭhī-tatpuruṣaḥ	ṣaṣṭhī-tatpuruṣaḥ
ṣaṣṭhī-tatpuruṣaḥ	-
caturthī-tatpuruṣaḥ	ṣaṣṭhī-tatpuruṣaḥ
karmadhārayaḥ	ṣaṣṭhī-tatpuruṣaḥ
bahuvrīhiḥ	bahuvrīhiḥ
bahuvrīhiḥ	ṣaṣṭhī-tatpuruṣaḥ
dvandvaḥ	dvandvaḥ
bahuvrīhiḥ	bahuvrīhiḥ
ṣaṣṭhī-tatpuruṣaḥ	tatpuruṣaḥ
dvandvaḥ	dvandvaḥ
pañcamī-tatpuruṣaḥ	pañcamī-tatpuruṣaḥ
karmadhārayaḥ	dvigu-tatpuruṣaḥ
bahuvrīhiḥ	ṣaṣṭhī-tatpuruṣaḥ
ṣaṣṭhī-tatpuruṣaḥ	ṣaṣṭhī-tatpuruṣaḥ
bahuvrīhiḥ	dvigu-tatpuruṣaḥ
dvandvaḥ	dvandvaḥ
upapada-tatpuruṣaḥ	upapada-tatpuruṣaḥ
bahuvrīhiḥ	ṣaṣṭhī-tatpuruṣaḥ
nañ-tatpuruṣaḥ	nañ-tatpuruṣaḥ
karmadhārayaḥ	ṣaṣṭhī-tatpuruṣaḥ
bahuvrīhiḥ	bahuvrīhiḥ
bahuvrīhiḥ	karmadhārayaḥ
nañ-tatpuruṣaḥ	nañ-tatpuruṣaḥ
bahuvrīhiḥ	pañcamī-tatpuruṣaḥ
tatpuruṣaḥ	avyayībhāvaḥ
upapada-tatpuruṣaḥ	nañ-tatpuruṣaḥ
nañ-tatpuruṣaḥ	karmadhārayaḥ
bahuvrīhiḥ	karmadhārayaḥ
karmadhārayaḥ	ṣaṣṭhī-tatpuruṣaḥ
tṛtīyā-tatpuruṣaḥ	ṣaṣṭhī-tatpuruṣaḥ
dvitīyā-tatpuruṣaḥ	ṣaṣṭhī-tatpuruṣaḥ
nañ-tatpuruṣaḥ	karmadhārayaḥ
pañcamī-tatpuruṣaḥ	pañcamī-tatpuruṣaḥ
saptamī-tatpuruṣaḥ	bahuvrīhiḥ
saptamī-tatpuruṣaḥ	bahuvrīhiḥ
upapada-tatpuruṣaḥ	-
karmadhārayaḥ	karmadhārayaḥ
dvandvaḥ	ṣaṣṭhī-tatpuruṣaḥ
upapada-tatpuruṣaḥ	upapada-tatpuruṣaḥ
nañ-tatpuruṣaḥ	nañ-tatpuruṣaḥ
bahuvrīhiḥ	nañ-tatpuruṣaḥ
ṣaṣṭhī-tatpuruṣaḥ	bahuvrīhiḥ
avyayībhāvaḥ	-
ṣaṣṭhī-tatpuruṣaḥ	bahuvrīhiḥ
nañ-tatpuruṣaḥ	nañ-tatpuruṣaḥ
bahuvrīhiḥ	bahuvrīhiḥ
ṣaṣṭhī-tatpuruṣaḥ	ṣaṣṭhī-tatpuruṣaḥ
tatpuruṣaḥ	-
karmadhārayaḥ	ṣaṣṭhī-tatpuruṣaḥ
dvandvaḥ	dvandvaḥ
bahuvrīhiḥ	bahuvrīhiḥ
nañ-tatpuruṣaḥ	nañ-tatpuruṣaḥ
ṣaṣṭhī-tatpuruṣaḥ	bahuvrīhiḥ
ṣaṣṭhī-tatpuruṣaḥ	ṣaṣṭhī-tatpuruṣaḥ
upapada-tatpuruṣaḥ	nañ-tatpuruṣaḥ
nañ-tatpuruṣaḥ	nañ-tatpuruṣaḥ
bahuvrīhiḥ	ṣaṣṭhī-tatpuruṣaḥ
bahuvrīhiḥ	ṣaṣṭhī-tatpuruṣaḥ
bahuvrīhiḥ	nañ-tatpuruṣaḥ
karmadhārayaḥ	karmadhārayaḥ
ṣaṣṭhī-tatpuruṣaḥ	ṣaṣṭhī-tatpuruṣaḥ
bahuvrīhiḥ	nañ-tatpuruṣaḥ
karmadhārayaḥ	karmadhārayaḥ
ṣaṣṭhī-tatpuruṣaḥ	karmadhārayaḥ
ṣaṣṭhī-tatpuruṣaḥ	ṣaṣṭhī-tatpuruṣaḥ
upapada-tatpuruṣaḥ	ṣaṣṭhī-tatpuruṣaḥ
bahuvrīhiḥ	nañ-tatpuruṣaḥ
bahuvrīhiḥ	-
nañ-tatpuruṣaḥ	nañ-tatpuruṣaḥ
dvandvaḥ	bahuvrīhiḥ
dvandvaḥ	ṣaṣṭhī-tatpuruṣaḥ
dvandvaḥ	dvitīyā-tatpuruṣaḥ
saptamī-tatpuruṣaḥ	karmadhārayaḥ
upapada-tatpuruṣaḥ	ṣaṣṭhī-tatpuruṣaḥ
dvandvaḥ	dvandvaḥ
nañ-tatpuruṣaḥ	nañ-tatpuruṣaḥ
nañ-tatpuruṣaḥ	nañ-tatpuruṣaḥ
ṣaṣṭhī-tatpuruṣaḥ	ṣaṣṭhī-tatpuruṣaḥ
bahuvrīhiḥ	tatpuruṣaḥ
bahuvrīhiḥ	nañ-tatpuruṣaḥ
upapada-tatpuruṣaḥ	ṣaṣṭhī-tatpuruṣaḥ
ṣaṣṭhī-tatpuruṣaḥ	ṣaṣṭhī-tatpuruṣaḥ
caturthī-tatpuruṣaḥ	ṣaṣṭhī-tatpuruṣaḥ
ṣaṣṭhī-tatpuruṣaḥ	bahuvrīhiḥ
bahuvrīhiḥ	ṣaṣṭhī-tatpuruṣaḥ
nañ-tatpuruṣaḥ	nañ-tatpuruṣaḥ
bahuvrīhiḥ	dvigu-tatpuruṣaḥ
nañ-tatpuruṣaḥ	nañ-tatpuruṣaḥ
bahuvrīhiḥ	ṣaṣṭhī-tatpuruṣaḥ
nañ-tatpuruṣaḥ	nañ-tatpuruṣaḥ
karmadhārayaḥ	karmadhārayaḥ
saptamī-tatpuruṣaḥ	ṣaṣṭhī-tatpuruṣaḥ
dvandvaḥ	dvandvaḥ
dvandvaḥ	dvandvaḥ
dvandvaḥ	dvandvaḥ
ṣaṣṭhī-tatpuruṣaḥ	ṣaṣṭhī-tatpuruṣaḥ
ṣaṣṭhī-tatpuruṣaḥ	pañcamī-tatpuruṣaḥ
nañ-tatpuruṣaḥ	nañ-tatpuruṣaḥ
bahuvrīhiḥ	ṣaṣṭhī-tatpuruṣaḥ
bahuvrīhiḥ	ṣaṣṭhī-tatpuruṣaḥ
bahuvrīhiḥ	bahuvrīhiḥ
bahuvrīhiḥ	tatpuruṣaḥ
saptamī-tatpuruṣaḥ	ṣaṣṭhī-tatpuruṣaḥ
nañ-tatpuruṣaḥ	nañ-tatpuruṣaḥ
bahuvrīhiḥ	bahuvrīhiḥ
nañ-tatpuruṣaḥ	nañ-tatpuruṣaḥ
bahuvrīhiḥ	karmadhārayaḥ
kevala-samāsaḥ	ṣaṣṭhī-tatpuruṣaḥ
bahuvrīhiḥ	bahuvrīhiḥ
tatpuruṣaḥ	bahuvrīhiḥ
dvandvaḥ	karmadhārayaḥ
nañ-tatpuruṣaḥ	nañ-tatpuruṣaḥ
dvandvaḥ	pañcamī-tatpuruṣaḥ
nañ-tatpuruṣaḥ	nañ-tatpuruṣaḥ
ṣaṣṭhī-tatpuruṣaḥ	pañcamī-tatpuruṣaḥ
ṣaṣṭhī-tatpuruṣaḥ	bahuvrīhiḥ
ṣaṣṭhī-tatpuruṣaḥ	ṣaṣṭhī-tatpuruṣaḥ
ṣaṣṭhī-tatpuruṣaḥ	bahuvrīhiḥ
tatpuruṣaḥ	ṣaṣṭhī-tatpuruṣaḥ
saptamī-tatpuruṣaḥ	saptamī-tatpuruṣaḥ
bahuvrīhiḥ	bahuvrīhiḥ
tṛtīyā-tatpuruṣaḥ	bahuvrīhiḥ
bahuvrīhiḥ	ṣaṣṭhī-tatpuruṣaḥ
dvandvaḥ	dvandvaḥ
bahuvrīhiḥ	tatpuruṣaḥ
bahuvrīhiḥ	nañ-tatpuruṣaḥ
bahuvrīhiḥ	tatpuruṣaḥ
karmadhārayaḥ	tatpuruṣaḥ
nañ-tatpuruṣaḥ	nañ-tatpuruṣaḥ
bahuvrīhiḥ	-
bahuvrīhiḥ	nañ-tatpuruṣaḥ
bahuvrīhiḥ	nañ-tatpuruṣaḥ
karmadhārayaḥ	bahuvrīhiḥ
nañ-tatpuruṣaḥ	nañ-tatpuruṣaḥ
bahuvrīhiḥ	karmadhārayaḥ
ṣaṣṭhī-tatpuruṣaḥ	ṣaṣṭhī-tatpuruṣaḥ
tṛtīyā-tatpuruṣaḥ	ṣaṣṭhī-tatpuruṣaḥ
bahuvrīhiḥ	karmadhārayaḥ
bahuvrīhiḥ	nañ-tatpuruṣaḥ
karmadhārayaḥ	karmadhārayaḥ
bahuvrīhiḥ	nañ-tatpuruṣaḥ
nañ-tatpuruṣaḥ	nañ-tatpuruṣaḥ
bahuvrīhiḥ	tatpuruṣaḥ
upapada-tatpuruṣaḥ	karmadhārayaḥ
bahuvrīhiḥ	ṣaṣṭhī-tatpuruṣaḥ
tṛtīyā-tatpuruṣaḥ	pañcamī-tatpuruṣaḥ
bahuvrīhiḥ	karmadhārayaḥ
bahuvrīhiḥ	ṣaṣṭhī-tatpuruṣaḥ
ṣaṣṭhī-tatpuruṣaḥ	bahuvrīhiḥ
ṣaṣṭhī-tatpuruṣaḥ	ṣaṣṭhī-tatpuruṣaḥ
bahuvrīhiḥ	bahuvrīhiḥ
nañ-tatpuruṣaḥ	nañ-tatpuruṣaḥ
bahuvrīhiḥ	bahuvrīhiḥ
bahuvrīhiḥ	karmadhārayaḥ
upapada-tatpuruṣaḥ	bahuvrīhiḥ
ṣaṣṭhī-tatpuruṣaḥ	bahuvrīhiḥ
karmadhārayaḥ	karmadhārayaḥ
bahuvrīhiḥ	dvigu-tatpuruṣaḥ
dvandvaḥ	dvandvaḥ
dvandvaḥ	dvandvaḥ
bahuvrīhiḥ	karmadhārayaḥ
dvandvaḥ	dvandvaḥ
upapada-tatpuruṣaḥ	ṣaṣṭhī-tatpuruṣaḥ
bahuvrīhiḥ	bahuvrīhiḥ
dvandvaḥ	dvandvaḥ
dvandvaḥ	dvandvaḥ
bahuvrīhiḥ	karmadhārayaḥ
dvandvaḥ	karmadhārayaḥ
nañ-tatpuruṣaḥ	nañ-tatpuruṣaḥ
bahuvrīhiḥ	karmadhārayaḥ
dvandvaḥ	bahuvrīhiḥ
ṣaṣṭhī-tatpuruṣaḥ	ṣaṣṭhī-tatpuruṣaḥ
dvandvaḥ	dvandvaḥ
dvandvaḥ	dvandvaḥ
ṣaṣṭhī-tatpuruṣaḥ	bahuvrīhiḥ
karmadhārayaḥ	karmadhārayaḥ
ṣaṣṭhī-tatpuruṣaḥ	ṣaṣṭhī-tatpuruṣaḥ
dvitīyā-tatpuruṣaḥ	dvitīyā-tatpuruṣaḥ
nañ-tatpuruṣaḥ	nañ-tatpuruṣaḥ
nañ-tatpuruṣaḥ	nañ-tatpuruṣaḥ
nañ-tatpuruṣaḥ	nañ-tatpuruṣaḥ
nañ-tatpuruṣaḥ	nañ-tatpuruṣaḥ
nañ-tatpuruṣaḥ	nañ-tatpuruṣaḥ
dvandvaḥ	dvandvaḥ
ṣaṣṭhī-tatpuruṣaḥ	bahuvrīhiḥ
bahuvrīhiḥ	bahuvrīhiḥ
karmadhārayaḥ	karmadhārayaḥ
karmadhārayaḥ	karmadhārayaḥ
saptamī-tatpuruṣaḥ	ṣaṣṭhī-tatpuruṣaḥ
ṣaṣṭhī-tatpuruṣaḥ	bahuvrīhiḥ
karmadhārayaḥ	karmadhārayaḥ
tṛtīyā-tatpuruṣaḥ	ṣaṣṭhī-tatpuruṣaḥ
nañ-tatpuruṣaḥ	nañ-tatpuruṣaḥ
upapada-tatpuruṣaḥ	karmadhārayaḥ
bahuvrīhiḥ	tatpuruṣaḥ
ṣaṣṭhī-tatpuruṣaḥ	pañcamī-tatpuruṣaḥ
nañ-tatpuruṣaḥ	nañ-tatpuruṣaḥ
nañ-tatpuruṣaḥ	nañ-tatpuruṣaḥ
upapada-tatpuruṣaḥ	karmadhārayaḥ
nañ-tatpuruṣaḥ	nañ-tatpuruṣaḥ
karmadhārayaḥ	tṛtīyā-tatpuruṣaḥ
karmadhārayaḥ	karmadhārayaḥ
karmadhārayaḥ	karmadhārayaḥ
nañ-tatpuruṣaḥ	nañ-tatpuruṣaḥ
pañcamī-tatpuruṣaḥ	karmadhārayaḥ
nañ-tatpuruṣaḥ	nañ-tatpuruṣaḥ
nañ-tatpuruṣaḥ	-
bahuvrīhiḥ	nañ-tatpuruṣaḥ
upapada-tatpuruṣaḥ	bahuvrīhiḥ
nañ-tatpuruṣaḥ	nañ-tatpuruṣaḥ
upapada-tatpuruṣaḥ	ṣaṣṭhī-tatpuruṣaḥ
nañ-tatpuruṣaḥ	nañ-tatpuruṣaḥ
ṣaṣṭhī-tatpuruṣaḥ	bahuvrīhiḥ
bahuvrīhiḥ	karmadhārayaḥ
karmadhārayaḥ	caturthī-tatpuruṣaḥ
ṣaṣṭhī-tatpuruṣaḥ	karmadhārayaḥ
ṣaṣṭhī-tatpuruṣaḥ	bahuvrīhiḥ
bahuvrīhiḥ	nañ-tatpuruṣaḥ
bahuvrīhiḥ	karmadhārayaḥ
ṣaṣṭhī-tatpuruṣaḥ	ṣaṣṭhī-tatpuruṣaḥ
ṣaṣṭhī-tatpuruṣaḥ	ṣaṣṭhī-tatpuruṣaḥ
nañ-tatpuruṣaḥ	nañ-tatpuruṣaḥ
nañ-tatpuruṣaḥ	nañ-tatpuruṣaḥ
nañ-tatpuruṣaḥ	nañ-tatpuruṣaḥ
upapada-tatpuruṣaḥ	karmadhārayaḥ
dvandvaḥ	dvandvaḥ
dvandvaḥ	dvandvaḥ
dvandvaḥ	dvandvaḥ
bahuvrīhiḥ	nañ-tatpuruṣaḥ
tatpuruṣaḥ	-
nañ-tatpuruṣaḥ	nañ-tatpuruṣaḥ
bahuvrīhiḥ	karmadhārayaḥ
karmadhārayaḥ	ṣaṣṭhī-tatpuruṣaḥ
nañ-tatpuruṣaḥ	nañ-tatpuruṣaḥ
nañ-tatpuruṣaḥ	nañ-tatpuruṣaḥ
upapada-tatpuruṣaḥ	karmadhārayaḥ
karmadhārayaḥ	karmadhārayaḥ
nañ-tatpuruṣaḥ	nañ-tatpuruṣaḥ
nañ-tatpuruṣaḥ	nañ-tatpuruṣaḥ
ṣaṣṭhī-tatpuruṣaḥ	karmadhārayaḥ
karmadhārayaḥ	karmadhārayaḥ
nañ-tatpuruṣaḥ	nañ-tatpuruṣaḥ
ṣaṣṭhī-tatpuruṣaḥ	bahuvrīhiḥ
upapada-tatpuruṣaḥ	bahuvrīhiḥ
ṣaṣṭhī-tatpuruṣaḥ	bahuvrīhiḥ
dvandvaḥ	-
ṣaṣṭhī-tatpuruṣaḥ	ṣaṣṭhī-tatpuruṣaḥ
dvandvaḥ	ṣaṣṭhī-tatpuruṣaḥ
ṣaṣṭhī-tatpuruṣaḥ	pañcamī-tatpuruṣaḥ
dvandvaḥ	karmadhārayaḥ
ṣaṣṭhī-tatpuruṣaḥ	ṣaṣṭhī-tatpuruṣaḥ
ṣaṣṭhī-tatpuruṣaḥ	ṣaṣṭhī-tatpuruṣaḥ
upapada-tatpuruṣaḥ	upapada-tatpuruṣaḥ
bahuvrīhiḥ	bahuvrīhiḥ
ṣaṣṭhī-tatpuruṣaḥ	ṣaṣṭhī-tatpuruṣaḥ
upapada-tatpuruṣaḥ	upapada-tatpuruṣaḥ
karmadhārayaḥ	karmadhārayaḥ
upapada-tatpuruṣaḥ	karmadhārayaḥ
karmadhārayaḥ	karmadhārayaḥ
tṛtīyā-tatpuruṣaḥ	ṣaṣṭhī-tatpuruṣaḥ
bahuvrīhiḥ	karmadhārayaḥ
bahuvrīhiḥ	karmadhārayaḥ
karmadhārayaḥ	karmadhārayaḥ
saptamī-tatpuruṣaḥ	karmadhārayaḥ
bahuvrīhiḥ	tatpuruṣaḥ
nañ-bahuvrīhiḥ	nañ-tatpuruṣaḥ
dvandvaḥ	dvandvaḥ
dvandvaḥ	dvandvaḥ
bahuvrīhiḥ	bahuvrīhiḥ
ṣaṣṭhī-tatpuruṣaḥ	bahuvrīhiḥ
pañcamī-tatpuruṣaḥ	bahuvrīhiḥ
ṣaṣṭhī-tatpuruṣaḥ	ṣaṣṭhī-tatpuruṣaḥ
nañ-tatpuruṣaḥ	nañ-tatpuruṣaḥ
nañ-tatpuruṣaḥ	nañ-tatpuruṣaḥ
nañ-tatpuruṣaḥ	nañ-tatpuruṣaḥ
nañ-tatpuruṣaḥ	nañ-tatpuruṣaḥ
saptamī-tatpuruṣaḥ	dvitīyā-tatpuruṣaḥ
nañ-tatpuruṣaḥ	nañ-tatpuruṣaḥ
bahuvrīhiḥ	ṣaṣṭhī-tatpuruṣaḥ
karmadhārayaḥ	ṣaṣṭhī-tatpuruṣaḥ
bahuvrīhiḥ	karmadhārayaḥ
karmadhārayaḥ	ṣaṣṭhī-tatpuruṣaḥ
karmadhārayaḥ	ṣaṣṭhī-tatpuruṣaḥ
bahuvrīhiḥ	tṛtīyā-tatpuruṣaḥ
ṣaṣṭhī-tatpuruṣaḥ	bahuvrīhiḥ
dvandvaḥ	dvandvaḥ
tṛtīyā-tatpuruṣaḥ	ṣaṣṭhī-tatpuruṣaḥ
ṣaṣṭhī-tatpuruṣaḥ	ṣaṣṭhī-tatpuruṣaḥ
bahuvrīhiḥ	ṣaṣṭhī-tatpuruṣaḥ
bahuvrīhiḥ	ṣaṣṭhī-tatpuruṣaḥ
karmadhārayaḥ	tṛtīyā-tatpuruṣaḥ
nañ-tatpuruṣaḥ	nañ-tatpuruṣaḥ
bahuvrīhiḥ	nañ-tatpuruṣaḥ
saptamī-tatpuruṣaḥ	ṣaṣṭhī-tatpuruṣaḥ
ṣaṣṭhī-tatpuruṣaḥ	ṣaṣṭhī-tatpuruṣaḥ
karmadhārayaḥ	bahuvrīhiḥ
nañ-tatpuruṣaḥ	nañ-tatpuruṣaḥ
nañ-tatpuruṣaḥ	nañ-tatpuruṣaḥ
upapada-tatpuruṣaḥ	upapada-tatpuruṣaḥ
bahuvrīhiḥ	karmadhārayaḥ
caturthī-tatpuruṣaḥ	pañcamī-tatpuruṣaḥ
avyayībhāvaḥ	ṣaṣṭhī-tatpuruṣaḥ
nañ-tatpuruṣaḥ	nañ-tatpuruṣaḥ
tṛtīyā-tatpuruṣaḥ	karmadhārayaḥ
tṛtīyā-tatpuruṣaḥ	karmadhārayaḥ
nañ-tatpuruṣaḥ	nañ-tatpuruṣaḥ
dvandvaḥ	dvandvaḥ
tṛtīyā-tatpuruṣaḥ	karmadhārayaḥ
bahuvrīhiḥ	karmadhārayaḥ
upapada-tatpuruṣaḥ	ṣaṣṭhī-tatpuruṣaḥ
bahuvrīhiḥ	karmadhārayaḥ
bahuvrīhiḥ	bahuvrīhiḥ
dvandvaḥ	dvandvaḥ
bahuvrīhiḥ	itaretara-dvandvaḥ
nañ-tatpuruṣaḥ	nañ-tatpuruṣaḥ
pañcamī-tatpuruṣaḥ	pañcamī-tatpuruṣaḥ
dvandvaḥ	dvandvaḥ
dvandvaḥ	dvandvaḥ
dvandvaḥ	dvandvaḥ
bahuvrīhiḥ	pañcamī-tatpuruṣaḥ
karmadhārayaḥ	karmadhārayaḥ
nañ-tatpuruṣaḥ	nañ-tatpuruṣaḥ
nañ-tatpuruṣaḥ	nañ-tatpuruṣaḥ
bahuvrīhiḥ	-
tatpuruṣaḥ	tatpuruṣaḥ
ṣaṣṭhī-tatpuruṣaḥ	bahuvrīhiḥ
upapada-tatpuruṣaḥ	karmadhārayaḥ
dvandvaḥ	karmadhārayaḥ
nañ-tatpuruṣaḥ	nañ-tatpuruṣaḥ
dvandvaḥ	bahuvrīhiḥ
dvandvaḥ	ṣaṣṭhī-tatpuruṣaḥ
kevala-samāsaḥ	ṣaṣṭhī-tatpuruṣaḥ
bahuvrīhiḥ	karmadhārayaḥ
karmadhārayaḥ	karmadhārayaḥ
ṣaṣṭhī-tatpuruṣaḥ	ṣaṣṭhī-tatpuruṣaḥ
ṣaṣṭhī-tatpuruṣaḥ	ṣaṣṭhī-tatpuruṣaḥ
bahuvrīhiḥ	karmadhārayaḥ
dvandvaḥ	dvandvaḥ
dvandvaḥ	ṣaṣṭhī-tatpuruṣaḥ
upapada-tatpuruṣaḥ	upapada-tatpuruṣaḥ
ṣaṣṭhī-tatpuruṣaḥ	bahuvrīhiḥ
nañ-tatpuruṣaḥ	nañ-tatpuruṣaḥ
dvandvaḥ	dvitīyā-tatpuruṣaḥ
nañ-tatpuruṣaḥ	nañ-tatpuruṣaḥ
karmadhārayaḥ	karmadhārayaḥ
bahuvrīhiḥ	ṣaṣṭhī-tatpuruṣaḥ
karmadhārayaḥ	karmadhārayaḥ
ṣaṣṭhī-tatpuruṣaḥ	dvitīyā-tatpuruṣaḥ
ṣaṣṭhī-tatpuruṣaḥ	dvitīyā-tatpuruṣaḥ
nañ-tatpuruṣaḥ	nañ-tatpuruṣaḥ
bahuvrīhiḥ	bahuvrīhiḥ
bahuvrīhiḥ	bahuvrīhiḥ
bahuvrīhiḥ	karmadhārayaḥ
dvandvaḥ	dvandvaḥ
dvandvaḥ	dvandvaḥ
bahuvrīhiḥ	karmadhārayaḥ
nañ-tatpuruṣaḥ	nañ-tatpuruṣaḥ
bahuvrīhiḥ	bahuvrīhiḥ
saptamī-tatpuruṣaḥ	karmadhārayaḥ
upapada-tatpuruṣaḥ	karmadhārayaḥ
tatpuruṣaḥ	tatpuruṣaḥ
nañ-tatpuruṣaḥ	-
ṣaṣṭhī-tatpuruṣaḥ	bahuvrīhiḥ
avyayībhāvaḥ	tatpuruṣaḥ
avyayībhāvaḥ	tatpuruṣaḥ
avyayībhāvaḥ	tatpuruṣaḥ
upapada-tatpuruṣaḥ	ṣaṣṭhī-tatpuruṣaḥ
dvandvaḥ	dvandvaḥ
tṛtīyā-tatpuruṣaḥ	ṣaṣṭhī-tatpuruṣaḥ
bahuvrīhiḥ	-
dvandvaḥ	dvandvaḥ
dvandvaḥ	dvandvaḥ
ṣaṣṭhī-tatpuruṣaḥ	itaretara-dvandvaḥ
ṣaṣṭhī-tatpuruṣaḥ	ṣaṣṭhī-tatpuruṣaḥ
ṣaṣṭhī-tatpuruṣaḥ	bahuvrīhiḥ
karmadhārayaḥ	karmadhārayaḥ
ṣaṣṭhī-tatpuruṣaḥ	karmadhārayaḥ
ṣaṣṭhī-tatpuruṣaḥ	bahuvrīhiḥ
nañ-bahuvrīhiḥ	nañ-tatpuruṣaḥ
saptamī-tatpuruṣaḥ	ṣaṣṭhī-tatpuruṣaḥ
karmadhārayaḥ	karmadhārayaḥ
karmadhārayaḥ	bahuvrīhiḥ
upapada-tatpuruṣaḥ	ṣaṣṭhī-tatpuruṣaḥ
ṣaṣṭhī-tatpuruṣaḥ	bahuvrīhiḥ
tṛtīyā-tatpuruṣaḥ	tṛtīyā-tatpuruṣaḥ
karmadhārayaḥ	ṣaṣṭhī-tatpuruṣaḥ
upapada-tatpuruṣaḥ	ṣaṣṭhī-tatpuruṣaḥ
saptamī-tatpuruṣaḥ	ṣaṣṭhī-tatpuruṣaḥ
tatpuruṣaḥ	tatpuruṣaḥ
karmadhārayaḥ	karmadhārayaḥ
ṣaṣṭhī-tatpuruṣaḥ	ṣaṣṭhī-tatpuruṣaḥ
bahuvrīhiḥ	bahuvrīhiḥ
bahuvrīhiḥ	-
bahuvrīhiḥ	nañ-tatpuruṣaḥ
bahuvrīhiḥ	ṣaṣṭhī-tatpuruṣaḥ
ṣaṣṭhī-tatpuruṣaḥ	ṣaṣṭhī-tatpuruṣaḥ
nañ-tatpuruṣaḥ	nañ-tatpuruṣaḥ
ṣaṣṭhī-tatpuruṣaḥ	upapada-tatpuruṣaḥ
saptamī-tatpuruṣaḥ	karmadhārayaḥ
bahuvrīhiḥ	caturthī-tatpuruṣaḥ
dvandvaḥ	karmadhārayaḥ
bahuvrīhiḥ	ṣaṣṭhī-tatpuruṣaḥ
dvandvaḥ	dvitīyā-tatpuruṣaḥ
nañ-tatpuruṣaḥ	nañ-tatpuruṣaḥ
bahuvrīhiḥ	dvitīyā-tatpuruṣaḥ
nañ-tatpuruṣaḥ	nañ-tatpuruṣaḥ
dvandvaḥ	dvandvaḥ
dvandvaḥ	bahuvrīhiḥ
karmadhārayaḥ	bahuvrīhiḥ
ṣaṣṭhī-tatpuruṣaḥ	ṣaṣṭhī-tatpuruṣaḥ
bahuvrīhiḥ	bahuvrīhiḥ
bahuvrīhiḥ	nañ-tatpuruṣaḥ
karmadhārayaḥ	ṣaṣṭhī-tatpuruṣaḥ
karmadhārayaḥ	karmadhārayaḥ
bahuvrīhiḥ	bahuvrīhiḥ
caturthī-tatpuruṣaḥ	karmadhārayaḥ
dvandvaḥ	bahuvrīhiḥ
karmadhārayaḥ	karmadhārayaḥ
nañ-tatpuruṣaḥ	nañ-tatpuruṣaḥ
karmadhārayaḥ	karmadhārayaḥ
nañ-tatpuruṣaḥ	nañ-tatpuruṣaḥ
nañ-tatpuruṣaḥ	nañ-tatpuruṣaḥ
ṣaṣṭhī-tatpuruṣaḥ	bahuvrīhiḥ
bahuvrīhiḥ	tatpuruṣaḥ
bahuvrīhiḥ	tatpuruṣaḥ
ṣaṣṭhī-tatpuruṣaḥ	bahuvrīhiḥ
ṣaṣṭhī-tatpuruṣaḥ	ṣaṣṭhī-tatpuruṣaḥ
karmadhārayaḥ	pañcamī-tatpuruṣaḥ
ṣaṣṭhī-tatpuruṣaḥ	ṣaṣṭhī-tatpuruṣaḥ
tṛtīyā-tatpuruṣaḥ	ṣaṣṭhī-tatpuruṣaḥ
ṣaṣṭhī-tatpuruṣaḥ	ṣaṣṭhī-tatpuruṣaḥ
nañ-tatpuruṣaḥ	nañ-tatpuruṣaḥ
pañcamī-tatpuruṣaḥ	ṣaṣṭhī-tatpuruṣaḥ
ṣaṣṭhī-tatpuruṣaḥ	ṣaṣṭhī-tatpuruṣaḥ
nañ-tatpuruṣaḥ	nañ-tatpuruṣaḥ
nañ-tatpuruṣaḥ	nañ-tatpuruṣaḥ
nañ-tatpuruṣaḥ	-
tatpuruṣaḥ	bahuvrīhiḥ
dvandvaḥ	dvandvaḥ
dvandvaḥ	dvandvaḥ
tṛtīyā-tatpuruṣaḥ	pañcamī-tatpuruṣaḥ
nañ-tatpuruṣaḥ	nañ-tatpuruṣaḥ
karmadhārayaḥ	ṣaṣṭhī-tatpuruṣaḥ
nañ-tatpuruṣaḥ	nañ-tatpuruṣaḥ
bahuvrīhiḥ	karmadhārayaḥ
upapada-tatpuruṣaḥ	upapada-tatpuruṣaḥ
ṣaṣṭhī-tatpuruṣaḥ	ṣaṣṭhī-tatpuruṣaḥ
dvandvaḥ	dvandvaḥ
bahuvrīhiḥ	dvigu-tatpuruṣaḥ
bahuvrīhiḥ	bahuvrīhiḥ
ṣaṣṭhī-tatpuruṣaḥ	ṣaṣṭhī-tatpuruṣaḥ
karmadhārayaḥ	karmadhārayaḥ
upapada-tatpuruṣaḥ	ṣaṣṭhī-tatpuruṣaḥ
nañ-tatpuruṣaḥ	nañ-tatpuruṣaḥ
ṣaṣṭhī-tatpuruṣaḥ	bahuvrīhiḥ
ṣaṣṭhī-tatpuruṣaḥ	itaretara-dvandvaḥ
saptamī-tatpuruṣaḥ	ṣaṣṭhī-tatpuruṣaḥ
ṣaṣṭhī-tatpuruṣaḥ	ṣaṣṭhī-tatpuruṣaḥ
nañ-tatpuruṣaḥ	nañ-tatpuruṣaḥ
nañ-tatpuruṣaḥ	nañ-tatpuruṣaḥ
nañ-tatpuruṣaḥ	nañ-tatpuruṣaḥ
nañ-tatpuruṣaḥ	nañ-tatpuruṣaḥ
nañ-tatpuruṣaḥ	nañ-tatpuruṣaḥ
nañ-tatpuruṣaḥ	nañ-tatpuruṣaḥ
nañ-tatpuruṣaḥ	ṣaṣṭhī-tatpuruṣaḥ
bahuvrīhiḥ	bahuvrīhiḥ
nañ-tatpuruṣaḥ	nañ-tatpuruṣaḥ
tatpuruṣaḥ	ṣaṣṭhī-tatpuruṣaḥ
nañ-tatpuruṣaḥ	tatpuruṣaḥ
bahuvrīhiḥ	karmadhārayaḥ
ṣaṣṭhī-tatpuruṣaḥ	ṣaṣṭhī-tatpuruṣaḥ
saptamī-tatpuruṣaḥ	saptamī-tatpuruṣaḥ
nañ-tatpuruṣaḥ	nañ-tatpuruṣaḥ
nañ-tatpuruṣaḥ	nañ-tatpuruṣaḥ
nañ-tatpuruṣaḥ	nañ-tatpuruṣaḥ
bahuvrīhiḥ	tatpuruṣaḥ
bahuvrīhiḥ	ṣaṣṭhī-tatpuruṣaḥ
dvandvaḥ	dvandvaḥ
karmadhārayaḥ	pañcamī-tatpuruṣaḥ
bahuvrīhiḥ	karmadhārayaḥ
nañ-tatpuruṣaḥ	nañ-tatpuruṣaḥ
bahuvrīhiḥ	karmadhārayaḥ
bahuvrīhiḥ	ṣaṣṭhī-tatpuruṣaḥ
ṣaṣṭhī-tatpuruṣaḥ	bahuvrīhiḥ
nañ-tatpuruṣaḥ	nañ-tatpuruṣaḥ
ṣaṣṭhī-tatpuruṣaḥ	saptamī-tatpuruṣaḥ
nañ-tatpuruṣaḥ	nañ-tatpuruṣaḥ
bahuvrīhiḥ	nañ-tatpuruṣaḥ
nañ-tatpuruṣaḥ	nañ-tatpuruṣaḥ
nañ-tatpuruṣaḥ	nañ-tatpuruṣaḥ
bahuvrīhiḥ	ṣaṣṭhī-tatpuruṣaḥ
karmadhārayaḥ	karmadhārayaḥ
upapada-tatpuruṣaḥ	ṣaṣṭhī-tatpuruṣaḥ
bahuvrīhiḥ	-
nañ-tatpuruṣaḥ	-
nañ-tatpuruṣaḥ	nañ-tatpuruṣaḥ
karmadhārayaḥ	karmadhārayaḥ
nañ-tatpuruṣaḥ	karmadhārayaḥ
dvandvaḥ	nañ-tatpuruṣaḥ
bahuvrīhiḥ	ṣaṣṭhī-tatpuruṣaḥ
nañ-tatpuruṣaḥ	-
ṣaṣṭhī-tatpuruṣaḥ	bahuvrīhiḥ
tṛtīyā-tatpuruṣaḥ	pañcamī-tatpuruṣaḥ
saptamī-tatpuruṣaḥ	ṣaṣṭhī-tatpuruṣaḥ
karmadhārayaḥ	karmadhārayaḥ
ṣaṣṭhī-tatpuruṣaḥ	ṣaṣṭhī-tatpuruṣaḥ
saptamī-tatpuruṣaḥ	bahuvrīhiḥ
bahuvrīhiḥ	karmadhārayaḥ
bahuvrīhiḥ	bahuvrīhiḥ
bahuvrīhiḥ	ṣaṣṭhī-tatpuruṣaḥ
karmadhārayaḥ	caturthī-tatpuruṣaḥ
ṣaṣṭhī-tatpuruṣaḥ	karmadhārayaḥ
ṣaṣṭhī-tatpuruṣaḥ	ṣaṣṭhī-tatpuruṣaḥ
tṛtīyā-tatpuruṣaḥ	ṣaṣṭhī-tatpuruṣaḥ
bahuvrīhiḥ	karmadhārayaḥ
saptamī-tatpuruṣaḥ	ṣaṣṭhī-tatpuruṣaḥ
bahuvrīhiḥ	karmadhārayaḥ
nañ-tatpuruṣaḥ	nañ-tatpuruṣaḥ
tṛtīyā-tatpuruṣaḥ	karmadhārayaḥ
nañ-tatpuruṣaḥ	nañ-tatpuruṣaḥ
dvandvaḥ	saptamī-tatpuruṣaḥ
dvandvaḥ	karmadhārayaḥ
dvandvaḥ	caturthī-tatpuruṣaḥ
dvandvaḥ	ṣaṣṭhī-tatpuruṣaḥ
dvandvaḥ	karmadhārayaḥ
ṣaṣṭhī-tatpuruṣaḥ	bahuvrīhiḥ
ṣaṣṭhī-tatpuruṣaḥ	karmadhārayaḥ
upapada-tatpuruṣaḥ	ṣaṣṭhī-tatpuruṣaḥ
karmadhārayaḥ	karmadhārayaḥ
ṣaṣṭhī-tatpuruṣaḥ	karmadhārayaḥ
upapada-tatpuruṣaḥ	ṣaṣṭhī-tatpuruṣaḥ
nañ-tatpuruṣaḥ	nañ-tatpuruṣaḥ
tṛtīyā-tatpuruṣaḥ	karmadhārayaḥ
nañ-tatpuruṣaḥ	nañ-tatpuruṣaḥ
nañ-tatpuruṣaḥ	nañ-tatpuruṣaḥ
upapada-tatpuruṣaḥ	bahuvrīhiḥ
nañ-tatpuruṣaḥ	nañ-tatpuruṣaḥ
tṛtīyā-tatpuruṣaḥ	karmadhārayaḥ
nañ-tatpuruṣaḥ	nañ-tatpuruṣaḥ
nañ-tatpuruṣaḥ	nañ-tatpuruṣaḥ
caturthī-tatpuruṣaḥ	ṣaṣṭhī-tatpuruṣaḥ
nañ-tatpuruṣaḥ	nañ-tatpuruṣaḥ
upapada-tatpuruṣaḥ	upapada-tatpuruṣaḥ
ṣaṣṭhī-tatpuruṣaḥ	ṣaṣṭhī-tatpuruṣaḥ
upapada-tatpuruṣaḥ	karmadhārayaḥ
ṣaṣṭhī-tatpuruṣaḥ	karmadhārayaḥ
ṣaṣṭhī-tatpuruṣaḥ	bahuvrīhiḥ
bahuvrīhiḥ	nañ-tatpuruṣaḥ
pañcamī-tatpuruṣaḥ	bahuvrīhiḥ
karmadhārayaḥ	tṛtīyā-tatpuruṣaḥ
bahuvrīhiḥ	nañ-tatpuruṣaḥ
nañ-tatpuruṣaḥ	nañ-tatpuruṣaḥ
nañ-tatpuruṣaḥ	nañ-tatpuruṣaḥ
karmadhārayaḥ	karmadhārayaḥ
upapada-tatpuruṣaḥ	ṣaṣṭhī-tatpuruṣaḥ
ṣaṣṭhī-tatpuruṣaḥ	bahuvrīhiḥ
karmadhārayaḥ	karmadhārayaḥ
dvandvaḥ	saptamī-tatpuruṣaḥ
ṣaṣṭhī-tatpuruṣaḥ	karmadhārayaḥ
karmadhārayaḥ	karmadhārayaḥ
bahuvrīhiḥ	bahuvrīhiḥ
bahuvrīhiḥ	karmadhārayaḥ
bahuvrīhiḥ	bahuvrīhiḥ
dvandvaḥ	dvandvaḥ
nañ-tatpuruṣaḥ	nañ-tatpuruṣaḥ
ṣaṣṭhī-tatpuruṣaḥ	pañcamī-tatpuruṣaḥ
pañcamī-tatpuruṣaḥ	bahuvrīhiḥ
karmadhārayaḥ	karmadhārayaḥ
karmadhārayaḥ	bahuvrīhiḥ
ṣaṣṭhī-tatpuruṣaḥ	ṣaṣṭhī-tatpuruṣaḥ
ṣaṣṭhī-tatpuruṣaḥ	bahuvrīhiḥ
dvandvaḥ	dvandvaḥ
dvandvaḥ	dvandvaḥ
upapada-tatpuruṣaḥ	ṣaṣṭhī-tatpuruṣaḥ
ṣaṣṭhī-tatpuruṣaḥ	bahuvrīhiḥ
bahuvrīhiḥ	nañ-tatpuruṣaḥ
ṣaṣṭhī-tatpuruṣaḥ	ṣaṣṭhī-tatpuruṣaḥ
upapada-tatpuruṣaḥ	ṣaṣṭhī-tatpuruṣaḥ
bahuvrīhiḥ	karmadhārayaḥ
tṛtīyā-tatpuruṣaḥ	karmadhārayaḥ
ṣaṣṭhī-tatpuruṣaḥ	itaretara-dvandvaḥ
nañ-tatpuruṣaḥ	nañ-tatpuruṣaḥ
upapada-tatpuruṣaḥ	karmadhārayaḥ
upapada-tatpuruṣaḥ	karmadhārayaḥ
ṣaṣṭhī-tatpuruṣaḥ	ṣaṣṭhī-tatpuruṣaḥ
upapada-tatpuruṣaḥ	bahuvrīhiḥ
saptamī-tatpuruṣaḥ	karmadhārayaḥ
ṣaṣṭhī-tatpuruṣaḥ	bahuvrīhiḥ
ṣaṣṭhī-tatpuruṣaḥ	karmadhārayaḥ
ṣaṣṭhī-tatpuruṣaḥ	-
ṣaṣṭhī-tatpuruṣaḥ	bahuvrīhiḥ
bahuvrīhiḥ	karmadhārayaḥ
bahuvrīhiḥ	ṣaṣṭhī-tatpuruṣaḥ
bahuvrīhiḥ	ṣaṣṭhī-tatpuruṣaḥ
dvandvaḥ	dvandvaḥ
ṣaṣṭhī-tatpuruṣaḥ	ṣaṣṭhī-tatpuruṣaḥ
upapada-tatpuruṣaḥ	ṣaṣṭhī-tatpuruṣaḥ
bahuvrīhiḥ	-
dvandvaḥ	dvandvaḥ
dvandvaḥ	dvandvaḥ
bahuvrīhiḥ	bahuvrīhiḥ
bahuvrīhiḥ	karmadhārayaḥ
dvandvaḥ	dvandvaḥ
bahuvrīhiḥ	itaretara-dvandvaḥ
karmadhārayaḥ	karmadhārayaḥ
ṣaṣṭhī-tatpuruṣaḥ	bahuvrīhiḥ
karmadhārayaḥ	karmadhārayaḥ
saptamī-tatpuruṣaḥ	bahuvrīhiḥ
ṣaṣṭhī-tatpuruṣaḥ	ṣaṣṭhī-tatpuruṣaḥ
dvitīyā-tatpuruṣaḥ	ṣaṣṭhī-tatpuruṣaḥ
bahuvrīhiḥ	bahuvrīhiḥ
nañ-tatpuruṣaḥ	nañ-tatpuruṣaḥ
dvandvaḥ	dvandvaḥ
tṛtīyā-tatpuruṣaḥ	pañcamī-tatpuruṣaḥ
ṣaṣṭhī-tatpuruṣaḥ	ṣaṣṭhī-tatpuruṣaḥ
karmadhārayaḥ	karmadhārayaḥ
nañ-tatpuruṣaḥ	nañ-tatpuruṣaḥ
karmadhārayaḥ	ṣaṣṭhī-tatpuruṣaḥ
ṣaṣṭhī-tatpuruṣaḥ	ṣaṣṭhī-tatpuruṣaḥ
tṛtīyā-tatpuruṣaḥ	dvitīyā-tatpuruṣaḥ
karmadhārayaḥ	ṣaṣṭhī-tatpuruṣaḥ
ṣaṣṭhī-tatpuruṣaḥ	-
tatpuruṣaḥ	tatpuruṣaḥ
nañ-tatpuruṣaḥ	nañ-tatpuruṣaḥ
tatpuruṣaḥ	tatpuruṣaḥ
bahuvrīhiḥ	ṣaṣṭhī-tatpuruṣaḥ
dvandvaḥ	dvandvaḥ
dvandvaḥ	dvandvaḥ
dvandvaḥ	dvandvaḥ
nañ-tatpuruṣaḥ	nañ-tatpuruṣaḥ
bahuvrīhiḥ	dvigu-tatpuruṣaḥ
tatpuruṣaḥ	tatpuruṣaḥ
tṛtīyā-tatpuruṣaḥ	ṣaṣṭhī-tatpuruṣaḥ
nañ-bahuvrīhiḥ	nañ-tatpuruṣaḥ
bahuvrīhiḥ	ṣaṣṭhī-tatpuruṣaḥ
nañ-tatpuruṣaḥ	nañ-tatpuruṣaḥ
bahuvrīhiḥ	nañ-tatpuruṣaḥ
karmadhārayaḥ	karmadhārayaḥ
ṣaṣṭhī-tatpuruṣaḥ	bahuvrīhiḥ
bahuvrīhiḥ	bahuvrīhiḥ
karmadhārayaḥ	pañcamī-tatpuruṣaḥ
bahuvrīhiḥ	karmadhārayaḥ
dvandvaḥ	dvandvaḥ
tṛtīyā-tatpuruṣaḥ	bahuvrīhiḥ
ṣaṣṭhī-tatpuruṣaḥ	bahuvrīhiḥ
karmadhārayaḥ	karmadhārayaḥ
upapada-tatpuruṣaḥ	ṣaṣṭhī-tatpuruṣaḥ
upapada-tatpuruṣaḥ	upapada-tatpuruṣaḥ
saptamī-tatpuruṣaḥ	karmadhārayaḥ
dvandvaḥ	karmadhārayaḥ
nañ-tatpuruṣaḥ	nañ-tatpuruṣaḥ
karmadhārayaḥ	karmadhārayaḥ
saptamī-tatpuruṣaḥ	ṣaṣṭhī-tatpuruṣaḥ
tṛtīyā-tatpuruṣaḥ	bahuvrīhiḥ
tatpuruṣaḥ	tatpuruṣaḥ
dvandvaḥ	avyayībhāvaḥ
tatpuruṣaḥ	ṣaṣṭhī-tatpuruṣaḥ
tṛtīyā-tatpuruṣaḥ	pañcamī-tatpuruṣaḥ
bahuvrīhiḥ	karmadhārayaḥ
nañ-tatpuruṣaḥ	nañ-tatpuruṣaḥ
nañ-tatpuruṣaḥ	nañ-tatpuruṣaḥ
tṛtīyā-tatpuruṣaḥ	ṣaṣṭhī-tatpuruṣaḥ
bahuvrīhiḥ	-
tṛtīyā-tatpuruṣaḥ	karmadhārayaḥ
bahuvrīhiḥ	bahuvrīhiḥ
ṣaṣṭhī-tatpuruṣaḥ	ṣaṣṭhī-tatpuruṣaḥ
ṣaṣṭhī-tatpuruṣaḥ	bahuvrīhiḥ
nañ-tatpuruṣaḥ	nañ-tatpuruṣaḥ
karmadhārayaḥ	karmadhārayaḥ
bahuvrīhiḥ	ṣaṣṭhī-tatpuruṣaḥ
nañ-tatpuruṣaḥ	-
dvandvaḥ	dvandvaḥ
tṛtīyā-tatpuruṣaḥ	ṣaṣṭhī-tatpuruṣaḥ
saptamī-tatpuruṣaḥ	ṣaṣṭhī-tatpuruṣaḥ
bahuvrīhiḥ	nañ-tatpuruṣaḥ
bahuvrīhiḥ	-
karmadhārayaḥ	karmadhārayaḥ
nañ-tatpuruṣaḥ	nañ-tatpuruṣaḥ
nañ-tatpuruṣaḥ	nañ-tatpuruṣaḥ
ṣaṣṭhī-tatpuruṣaḥ	ṣaṣṭhī-tatpuruṣaḥ
dvandvaḥ	dvandvaḥ
tṛtīyā-tatpuruṣaḥ	bahuvrīhiḥ
karmadhārayaḥ	karmadhārayaḥ
tṛtīyā-tatpuruṣaḥ	tṛtīyā-tatpuruṣaḥ
bahuvrīhiḥ	-
bahuvrīhiḥ	karmadhārayaḥ
upapada-tatpuruṣaḥ	karmadhārayaḥ
bahuvrīhiḥ	karmadhārayaḥ
ṣaṣṭhī-tatpuruṣaḥ	karmadhārayaḥ
ṣaṣṭhī-tatpuruṣaḥ	bahuvrīhiḥ
nañ-tatpuruṣaḥ	nañ-tatpuruṣaḥ
nañ-tatpuruṣaḥ	-
bahuvrīhiḥ	nañ-tatpuruṣaḥ
upapada-tatpuruṣaḥ	bahuvrīhiḥ
nañ-tatpuruṣaḥ	nañ-tatpuruṣaḥ
upapada-tatpuruṣaḥ	ṣaṣṭhī-tatpuruṣaḥ
nañ-tatpuruṣaḥ	nañ-tatpuruṣaḥ
ṣaṣṭhī-tatpuruṣaḥ	bahuvrīhiḥ
bahuvrīhiḥ	karmadhārayaḥ
karmadhārayaḥ	caturthī-tatpuruṣaḥ
ṣaṣṭhī-tatpuruṣaḥ	karmadhārayaḥ
ṣaṣṭhī-tatpuruṣaḥ	ṣaṣṭhī-tatpuruṣaḥ
upapada-tatpuruṣaḥ	ṣaṣṭhī-tatpuruṣaḥ
upapada-tatpuruṣaḥ	upapada-tatpuruṣaḥ
tṛtīyā-tatpuruṣaḥ	ṣaṣṭhī-tatpuruṣaḥ
nañ-tatpuruṣaḥ	nañ-tatpuruṣaḥ
bahuvrīhiḥ	-
ṣaṣṭhī-tatpuruṣaḥ	karmadhārayaḥ
dvigu-tatpuruṣaḥ	bahuvrīhiḥ
ṣaṣṭhī-tatpuruṣaḥ	karmadhārayaḥ
ṣaṣṭhī-tatpuruṣaḥ	-
bahuvrīhiḥ	-
nañ-tatpuruṣaḥ	-
tṛtīyā-tatpuruṣaḥ	ṣaṣṭhī-tatpuruṣaḥ
nañ-tatpuruṣaḥ	bahuvrīhiḥ
ṣaṣṭhī-tatpuruṣaḥ	bahuvrīhiḥ
avyayībhāvaḥ	saptamī-tatpuruṣaḥ
ṣaṣṭhī-tatpuruṣaḥ	bahuvrīhiḥ
bahuvrīhiḥ	ṣaṣṭhī-tatpuruṣaḥ
bahuvrīhiḥ	bahuvrīhiḥ
bahuvrīhiḥ	nañ-tatpuruṣaḥ
upapada-tatpuruṣaḥ	upapada-tatpuruṣaḥ
dvandvaḥ	dvandvaḥ
ṣaṣṭhī-tatpuruṣaḥ	karmadhārayaḥ
bahuvrīhiḥ	bahuvrīhiḥ
dvandvaḥ	dvandvaḥ
bahuvrīhiḥ	ṣaṣṭhī-tatpuruṣaḥ
dvandvaḥ	dvandvaḥ
dvandvaḥ	dvandvaḥ
bahuvrīhiḥ	ṣaṣṭhī-tatpuruṣaḥ
dvandvaḥ	dvandvaḥ
ṣaṣṭhī-tatpuruṣaḥ	ṣaṣṭhī-tatpuruṣaḥ
avyayībhāvaḥ	tatpuruṣaḥ
tatpuruṣaḥ	ṣaṣṭhī-tatpuruṣaḥ
tṛtīyā-tatpuruṣaḥ	ṣaṣṭhī-tatpuruṣaḥ
nañ-bahuvrīhiḥ	nañ-tatpuruṣaḥ
nañ-bahuvrīhiḥ	nañ-tatpuruṣaḥ
bahuvrīhiḥ	-
bahuvrīhiḥ	bahuvrīhiḥ
karmadhārayaḥ	karmadhārayaḥ
nañ-tatpuruṣaḥ	nañ-tatpuruṣaḥ
nañ-tatpuruṣaḥ	nañ-tatpuruṣaḥ
nañ-tatpuruṣaḥ	-
nañ-tatpuruṣaḥ	nañ-tatpuruṣaḥ
bahuvrīhiḥ	tatpuruṣaḥ
dvandvaḥ	dvandvaḥ
bahuvrīhiḥ	karmadhārayaḥ
bahuvrīhiḥ	ṣaṣṭhī-tatpuruṣaḥ
avyayībhāvaḥ	tatpuruṣaḥ
saptamī-tatpuruṣaḥ	bahuvrīhiḥ
bahuvrīhiḥ	tatpuruṣaḥ
bahuvrīhiḥ	ṣaṣṭhī-tatpuruṣaḥ
dvandvaḥ	dvandvaḥ
bahuvrīhiḥ	bahuvrīhiḥ
nañ-tatpuruṣaḥ	nañ-tatpuruṣaḥ
bahuvrīhiḥ	nañ-tatpuruṣaḥ
nañ-tatpuruṣaḥ	nañ-tatpuruṣaḥ
bahuvrīhiḥ	karmadhārayaḥ
nañ-tatpuruṣaḥ	nañ-tatpuruṣaḥ
bahuvrīhiḥ	bahuvrīhiḥ
ṣaṣṭhī-tatpuruṣaḥ	karmadhārayaḥ
bahuvrīhiḥ	nañ-tatpuruṣaḥ
nañ-tatpuruṣaḥ	nañ-tatpuruṣaḥ
karmadhārayaḥ	karmadhārayaḥ
bahuvrīhiḥ	-
bahuvrīhiḥ	tatpuruṣaḥ
bahuvrīhiḥ	karmadhārayaḥ
dvandvaḥ	dvandvaḥ
bahuvrīhiḥ	-
bahuvrīhiḥ	karmadhārayaḥ
bahuvrīhiḥ	bahuvrīhiḥ
dvandvaḥ	dvandvaḥ
ṣaṣṭhī-tatpuruṣaḥ	-
karmadhārayaḥ	karmadhārayaḥ
upapada-tatpuruṣaḥ	ṣaṣṭhī-tatpuruṣaḥ
ṣaṣṭhī-tatpuruṣaḥ	tatpuruṣaḥ
tatpuruṣaḥ	ṣaṣṭhī-tatpuruṣaḥ
tṛtīyā-tatpuruṣaḥ	saptamī-tatpuruṣaḥ
nañ-tatpuruṣaḥ	nañ-tatpuruṣaḥ
bahuvrīhiḥ	bahuvrīhiḥ
karmadhārayaḥ	karmadhārayaḥ
ṣaṣṭhī-tatpuruṣaḥ	bahuvrīhiḥ
ṣaṣṭhī-tatpuruṣaḥ	ṣaṣṭhī-tatpuruṣaḥ
bahuvrīhiḥ	-
tṛtīyā-tatpuruṣaḥ	ṣaṣṭhī-tatpuruṣaḥ
bahuvrīhiḥ	ṣaṣṭhī-tatpuruṣaḥ
bahuvrīhiḥ	karmadhārayaḥ
bahuvrīhiḥ	karmadhārayaḥ
karmadhārayaḥ	karmadhārayaḥ
karmadhārayaḥ	karmadhārayaḥ
ṣaṣṭhī-tatpuruṣaḥ	tṛtīyā-tatpuruṣaḥ
bahuvrīhiḥ	karmadhārayaḥ
bahuvrīhiḥ	tatpuruṣaḥ
bahuvrīhiḥ	-
bahuvrīhiḥ	tatpuruṣaḥ
ṣaṣṭhī-tatpuruṣaḥ	bahuvrīhiḥ
nañ-tatpuruṣaḥ	nañ-tatpuruṣaḥ
bahuvrīhiḥ	karmadhārayaḥ
dvandvaḥ	dvandvaḥ
tṛtīyā-tatpuruṣaḥ	ṣaṣṭhī-tatpuruṣaḥ
dvandvaḥ	dvandvaḥ
ṣaṣṭhī-tatpuruṣaḥ	ṣaṣṭhī-tatpuruṣaḥ
ṣaṣṭhī-tatpuruṣaḥ	ṣaṣṭhī-tatpuruṣaḥ
bahuvrīhiḥ	ṣaṣṭhī-tatpuruṣaḥ
ṣaṣṭhī-tatpuruṣaḥ	bahuvrīhiḥ
bahuvrīhiḥ	bahuvrīhiḥ
upapada-tatpuruṣaḥ	bahuvrīhiḥ
bahuvrīhiḥ	karmadhārayaḥ
ṣaṣṭhī-tatpuruṣaḥ	bahuvrīhiḥ
ṣaṣṭhī-tatpuruṣaḥ	ṣaṣṭhī-tatpuruṣaḥ
ṣaṣṭhī-tatpuruṣaḥ	bahuvrīhiḥ
ṣaṣṭhī-tatpuruṣaḥ	ṣaṣṭhī-tatpuruṣaḥ
nañ-tatpuruṣaḥ	-
ṣaṣṭhī-tatpuruṣaḥ	ṣaṣṭhī-tatpuruṣaḥ
tṛtīyā-tatpuruṣaḥ	pañcamī-tatpuruṣaḥ
karmadhārayaḥ	karmadhārayaḥ
nañ-tatpuruṣaḥ	nañ-tatpuruṣaḥ
bahuvrīhiḥ	ṣaṣṭhī-tatpuruṣaḥ
upapada-tatpuruṣaḥ	ṣaṣṭhī-tatpuruṣaḥ
karmadhārayaḥ	karmadhārayaḥ
dvandvaḥ	dvandvaḥ
dvandvaḥ	dvandvaḥ
tatpuruṣaḥ	tatpuruṣaḥ
ṣaṣṭhī-tatpuruṣaḥ	bahuvrīhiḥ
tatpuruṣaḥ	karmadhārayaḥ
bahuvrīhiḥ	tatpuruṣaḥ
bahuvrīhiḥ	nañ-tatpuruṣaḥ
saptamī-tatpuruṣaḥ	ṣaṣṭhī-tatpuruṣaḥ
ṣaṣṭhī-tatpuruṣaḥ	karmadhārayaḥ
karmadhārayaḥ	ṣaṣṭhī-tatpuruṣaḥ
nañ-tatpuruṣaḥ	nañ-tatpuruṣaḥ
bahuvrīhiḥ	karmadhārayaḥ
dvandvaḥ	dvandvaḥ
nañ-tatpuruṣaḥ	nañ-tatpuruṣaḥ
bahuvrīhiḥ	karmadhārayaḥ
karmadhārayaḥ	karmadhārayaḥ
nañ-tatpuruṣaḥ	nañ-tatpuruṣaḥ
bahuvrīhiḥ	karmadhārayaḥ
karmadhārayaḥ	karmadhārayaḥ
bahuvrīhiḥ	karmadhārayaḥ
nañ-tatpuruṣaḥ	nañ-tatpuruṣaḥ
karmadhārayaḥ	karmadhārayaḥ
karmadhārayaḥ	karmadhārayaḥ
bahuvrīhiḥ	karmadhārayaḥ
dvandvaḥ	dvandvaḥ
upapada-tatpuruṣaḥ	bahuvrīhiḥ
karmadhārayaḥ	karmadhārayaḥ
bahuvrīhiḥ	karmadhārayaḥ
karmadhārayaḥ	karmadhārayaḥ
bahuvrīhiḥ	nañ-tatpuruṣaḥ
bahuvrīhiḥ	ṣaṣṭhī-tatpuruṣaḥ
tatpuruṣaḥ	tatpuruṣaḥ
tatpuruṣaḥ	tatpuruṣaḥ
ṣaṣṭhī-tatpuruṣaḥ	ṣaṣṭhī-tatpuruṣaḥ
karmadhārayaḥ	dvigu-tatpuruṣaḥ
bahuvrīhiḥ	karmadhārayaḥ
dvandvaḥ	avyayībhāvaḥ
nañ-tatpuruṣaḥ	nañ-tatpuruṣaḥ
ṣaṣṭhī-tatpuruṣaḥ	ṣaṣṭhī-tatpuruṣaḥ
bahuvrīhiḥ	-
tṛtīyā-tatpuruṣaḥ	karmadhārayaḥ
bahuvrīhiḥ	ṣaṣṭhī-tatpuruṣaḥ
bahuvrīhiḥ	bahuvrīhiḥ
bahuvrīhiḥ	ṣaṣṭhī-tatpuruṣaḥ
bahuvrīhiḥ	bahuvrīhiḥ
bahuvrīhiḥ	bahuvrīhiḥ
nañ-tatpuruṣaḥ	nañ-tatpuruṣaḥ
bahuvrīhiḥ	bahuvrīhiḥ
tṛtīyā-tatpuruṣaḥ	karmadhārayaḥ
bahuvrīhiḥ	ṣaṣṭhī-tatpuruṣaḥ
nañ-tatpuruṣaḥ	nañ-tatpuruṣaḥ
upapada-tatpuruṣaḥ	karmadhārayaḥ
upapada-tatpuruṣaḥ	upapada-tatpuruṣaḥ
upapada-tatpuruṣaḥ	ṣaṣṭhī-tatpuruṣaḥ
ṣaṣṭhī-tatpuruṣaḥ	ṣaṣṭhī-tatpuruṣaḥ
ṣaṣṭhī-tatpuruṣaḥ	itaretara-dvandvaḥ
bahuvrīhiḥ	karmadhārayaḥ
bahuvrīhiḥ	pañcamī-tatpuruṣaḥ
bahuvrīhiḥ	tatpuruṣaḥ
dvitīyā-tatpuruṣaḥ	karmadhārayaḥ
ṣaṣṭhī-tatpuruṣaḥ	ṣaṣṭhī-tatpuruṣaḥ
upapada-tatpuruṣaḥ	ṣaṣṭhī-tatpuruṣaḥ
ṣaṣṭhī-tatpuruṣaḥ	bahuvrīhiḥ
ṣaṣṭhī-tatpuruṣaḥ	karmadhārayaḥ
karmadhārayaḥ	ṣaṣṭhī-tatpuruṣaḥ
tṛtīyā-tatpuruṣaḥ	ṣaṣṭhī-tatpuruṣaḥ
tatpuruṣaḥ	tatpuruṣaḥ
ṣaṣṭhī-tatpuruṣaḥ	ṣaṣṭhī-tatpuruṣaḥ
bahuvrīhiḥ	karmadhārayaḥ
ṣaṣṭhī-tatpuruṣaḥ	ṣaṣṭhī-tatpuruṣaḥ
bahuvrīhiḥ	ṣaṣṭhī-tatpuruṣaḥ
nañ-tatpuruṣaḥ	nañ-tatpuruṣaḥ
ṣaṣṭhī-tatpuruṣaḥ	ṣaṣṭhī-tatpuruṣaḥ
upapada-tatpuruṣaḥ	upapada-tatpuruṣaḥ
nañ-tatpuruṣaḥ	nañ-tatpuruṣaḥ
karmadhārayaḥ	tatpuruṣaḥ
bahuvrīhiḥ	tatpuruṣaḥ
nañ-tatpuruṣaḥ	nañ-tatpuruṣaḥ
bahuvrīhiḥ	bahuvrīhiḥ
bahuvrīhiḥ	nañ-tatpuruṣaḥ
karmadhārayaḥ	ṣaṣṭhī-tatpuruṣaḥ
karmadhārayaḥ	karmadhārayaḥ
bahuvrīhiḥ	bahuvrīhiḥ
bahuvrīhiḥ	nañ-tatpuruṣaḥ
nañ-tatpuruṣaḥ	karmadhārayaḥ
bahuvrīhiḥ	tatpuruṣaḥ
dvandvaḥ	dvandvaḥ
ṣaṣṭhī-tatpuruṣaḥ	ṣaṣṭhī-tatpuruṣaḥ
karmadhārayaḥ	karmadhārayaḥ
bahuvrīhiḥ	ṣaṣṭhī-tatpuruṣaḥ
dvandvaḥ	dvandvaḥ
upapada-tatpuruṣaḥ	karmadhārayaḥ
bahuvrīhiḥ	karmadhārayaḥ
bahuvrīhiḥ	ṣaṣṭhī-tatpuruṣaḥ
dvandvaḥ	dvandvaḥ
dvandvaḥ	dvandvaḥ
dvandvaḥ	dvandvaḥ
bahuvrīhiḥ	bahuvrīhiḥ
bahuvrīhiḥ	-
ṣaṣṭhī-tatpuruṣaḥ	bahuvrīhiḥ
dvandvaḥ	dvandvaḥ
tṛtīyā-tatpuruṣaḥ	karmadhārayaḥ
bahuvrīhiḥ	dvigu-tatpuruṣaḥ
ṣaṣṭhī-tatpuruṣaḥ	bahuvrīhiḥ
ṣaṣṭhī-tatpuruṣaḥ	bahuvrīhiḥ
ṣaṣṭhī-tatpuruṣaḥ	bahuvrīhiḥ
nañ-tatpuruṣaḥ	nañ-tatpuruṣaḥ
saptamī-tatpuruṣaḥ	ṣaṣṭhī-tatpuruṣaḥ
karmadhārayaḥ	karmadhārayaḥ
karmadhārayaḥ	ṣaṣṭhī-tatpuruṣaḥ
tṛtīyā-tatpuruṣaḥ	karmadhārayaḥ
bahuvrīhiḥ	-
bahuvrīhiḥ	ṣaṣṭhī-tatpuruṣaḥ
nañ-tatpuruṣaḥ	nañ-tatpuruṣaḥ
saptamī-tatpuruṣaḥ	karmadhārayaḥ
upapada-tatpuruṣaḥ	karmadhārayaḥ
karmadhārayaḥ	karmadhārayaḥ
ṣaṣṭhī-tatpuruṣaḥ	ṣaṣṭhī-tatpuruṣaḥ
bahuvrīhiḥ	bahuvrīhiḥ
bahuvrīhiḥ	dvigu-tatpuruṣaḥ
bahuvrīhiḥ	dvigu-tatpuruṣaḥ
ṣaṣṭhī-tatpuruṣaḥ	-
ṣaṣṭhī-tatpuruṣaḥ	karmadhārayaḥ
nañ-tatpuruṣaḥ	nañ-tatpuruṣaḥ
bahuvrīhiḥ	ṣaṣṭhī-tatpuruṣaḥ
bahuvrīhiḥ	-
upapada-tatpuruṣaḥ	bahuvrīhiḥ
dvandvaḥ	dvandvaḥ
ṣaṣṭhī-tatpuruṣaḥ	itaretara-dvandvaḥ
bahuvrīhiḥ	bahuvrīhiḥ
bahuvrīhiḥ	karmadhārayaḥ
ṣaṣṭhī-tatpuruṣaḥ	itaretara-dvandvaḥ
bahuvrīhiḥ	karmadhārayaḥ
ṣaṣṭhī-tatpuruṣaḥ	ṣaṣṭhī-tatpuruṣaḥ
bahuvrīhiḥ	karmadhārayaḥ
bahuvrīhiḥ	nañ-tatpuruṣaḥ
nañ-tatpuruṣaḥ	nañ-tatpuruṣaḥ
caturthī-tatpuruṣaḥ	bahuvrīhiḥ
nañ-tatpuruṣaḥ	nañ-tatpuruṣaḥ
nañ-tatpuruṣaḥ	nañ-tatpuruṣaḥ
nañ-tatpuruṣaḥ	nañ-tatpuruṣaḥ
nañ-tatpuruṣaḥ	nañ-tatpuruṣaḥ
ṣaṣṭhī-tatpuruṣaḥ	bahuvrīhiḥ
ṣaṣṭhī-tatpuruṣaḥ	ṣaṣṭhī-tatpuruṣaḥ
dvandvaḥ	dvandvaḥ
nañ-tatpuruṣaḥ	nañ-tatpuruṣaḥ
dvandvaḥ	dvandvaḥ
dvandvaḥ	dvandvaḥ
dvandvaḥ	dvandvaḥ
dvandvaḥ	dvandvaḥ
dvandvaḥ	dvandvaḥ
ṣaṣṭhī-tatpuruṣaḥ	ṣaṣṭhī-tatpuruṣaḥ
nañ-tatpuruṣaḥ	nañ-tatpuruṣaḥ
nañ-tatpuruṣaḥ	nañ-tatpuruṣaḥ
dvandvaḥ	dvandvaḥ
dvandvaḥ	dvandvaḥ
bahuvrīhiḥ	ṣaṣṭhī-tatpuruṣaḥ
karmadhārayaḥ	karmadhārayaḥ
dvandvaḥ	dvandvaḥ
karmadhārayaḥ	bahuvrīhiḥ
nañ-tatpuruṣaḥ	nañ-tatpuruṣaḥ
karmadhārayaḥ	karmadhārayaḥ
nañ-tatpuruṣaḥ	nañ-tatpuruṣaḥ
karmadhārayaḥ	karmadhārayaḥ
saptamī-tatpuruṣaḥ	ṣaṣṭhī-tatpuruṣaḥ
nañ-tatpuruṣaḥ	nañ-tatpuruṣaḥ
ṣaṣṭhī-tatpuruṣaḥ	ṣaṣṭhī-tatpuruṣaḥ
avyayībhāvaḥ	tatpuruṣaḥ
ṣaṣṭhī-tatpuruṣaḥ	karmadhārayaḥ
saptamī-tatpuruṣaḥ	karmadhārayaḥ
ṣaṣṭhī-tatpuruṣaḥ	ṣaṣṭhī-tatpuruṣaḥ
dvandvaḥ	dvandvaḥ
ṣaṣṭhī-tatpuruṣaḥ	upapada-tatpuruṣaḥ
nañ-tatpuruṣaḥ	nañ-tatpuruṣaḥ
nañ-tatpuruṣaḥ	nañ-tatpuruṣaḥ
bahuvrīhiḥ	karmadhārayaḥ
dvandvaḥ	dvandvaḥ
dvandvaḥ	dvandvaḥ
dvandvaḥ	dvandvaḥ
nañ-tatpuruṣaḥ	nañ-tatpuruṣaḥ
bahuvrīhiḥ	ṣaṣṭhī-tatpuruṣaḥ
ṣaṣṭhī-tatpuruṣaḥ	bahuvrīhiḥ
bahuvrīhiḥ	bahuvrīhiḥ
upapada-tatpuruṣaḥ	upapada-tatpuruṣaḥ
bahuvrīhiḥ	-
dvandvaḥ	dvandvaḥ
ṣaṣṭhī-tatpuruṣaḥ	bahuvrīhiḥ
bahuvrīhiḥ	nañ-tatpuruṣaḥ
ṣaṣṭhī-tatpuruṣaḥ	ṣaṣṭhī-tatpuruṣaḥ
tṛtīyā-tatpuruṣaḥ	pañcamī-tatpuruṣaḥ
tatpuruṣaḥ	tatpuruṣaḥ
nañ-tatpuruṣaḥ	nañ-tatpuruṣaḥ
ṣaṣṭhī-tatpuruṣaḥ	karmadhārayaḥ
pañcamī-tatpuruṣaḥ	bahuvrīhiḥ
karmadhārayaḥ	ṣaṣṭhī-tatpuruṣaḥ
nañ-bahuvrīhiḥ	nañ-tatpuruṣaḥ
bahuvrīhiḥ	bahuvrīhiḥ
bahuvrīhiḥ	bahuvrīhiḥ
nañ-tatpuruṣaḥ	nañ-tatpuruṣaḥ
tṛtīyā-tatpuruṣaḥ	ṣaṣṭhī-tatpuruṣaḥ
dvandvaḥ	dvandvaḥ
tṛtīyā-tatpuruṣaḥ	bahuvrīhiḥ
dvandvaḥ	dvandvaḥ
dvandvaḥ	dvandvaḥ
tṛtīyā-tatpuruṣaḥ	pañcamī-tatpuruṣaḥ
nañ-tatpuruṣaḥ	nañ-tatpuruṣaḥ
nañ-tatpuruṣaḥ	nañ-tatpuruṣaḥ
pañcamī-tatpuruṣaḥ	pañcamī-tatpuruṣaḥ
saptamī-tatpuruṣaḥ	ṣaṣṭhī-tatpuruṣaḥ
karmadhārayaḥ	karmadhārayaḥ
dvandvaḥ	dvandvaḥ
ṣaṣṭhī-tatpuruṣaḥ	ṣaṣṭhī-tatpuruṣaḥ
dvandvaḥ	dvandvaḥ
karmadhārayaḥ	ṣaṣṭhī-tatpuruṣaḥ
karmadhārayaḥ	tatpuruṣaḥ
upapada-tatpuruṣaḥ	ṣaṣṭhī-tatpuruṣaḥ
ṣaṣṭhī-tatpuruṣaḥ	bahuvrīhiḥ
karmadhārayaḥ	ṣaṣṭhī-tatpuruṣaḥ
bahuvrīhiḥ	karmadhārayaḥ
dvandvaḥ	dvandvaḥ
bahuvrīhiḥ	upamānam
bahuvrīhiḥ	-
saptamī-tatpuruṣaḥ	saptamī-tatpuruṣaḥ
bahuvrīhiḥ	-
ṣaṣṭhī-tatpuruṣaḥ	itaretara-dvandvaḥ
bahuvrīhiḥ	nañ-tatpuruṣaḥ
upapada-tatpuruṣaḥ	ṣaṣṭhī-tatpuruṣaḥ
ṣaṣṭhī-tatpuruṣaḥ	itaretara-dvandvaḥ
karmadhārayaḥ	karmadhārayaḥ
bahuvrīhiḥ	ṣaṣṭhī-tatpuruṣaḥ
dvitīyā-tatpuruṣaḥ	ṣaṣṭhī-tatpuruṣaḥ
dvitīyā-tatpuruṣaḥ	-
tṛtīyā-tatpuruṣaḥ	bahuvrīhiḥ
bahuvrīhiḥ	bahuvrīhiḥ
nañ-tatpuruṣaḥ	nañ-tatpuruṣaḥ
ṣaṣṭhī-tatpuruṣaḥ	dvitīyā-tatpuruṣaḥ
ṣaṣṭhī-tatpuruṣaḥ	dvitīyā-tatpuruṣaḥ
nañ-tatpuruṣaḥ	nañ-tatpuruṣaḥ
bahuvrīhiḥ	-
karmadhārayaḥ	karmadhārayaḥ
saptamī-tatpuruṣaḥ	karmadhārayaḥ
ṣaṣṭhī-tatpuruṣaḥ	ṣaṣṭhī-tatpuruṣaḥ
dvandvaḥ	dvandvaḥ
dvandvaḥ	dvandvaḥ
dvandvaḥ	dvandvaḥ
upapada-tatpuruṣaḥ	upapada-tatpuruṣaḥ
dvandvaḥ	dvandvaḥ
nañ-tatpuruṣaḥ	nañ-tatpuruṣaḥ
nañ-tatpuruṣaḥ	-
ṣaṣṭhī-tatpuruṣaḥ	caturthī-tatpuruṣaḥ
saptamī-tatpuruṣaḥ	karmadhārayaḥ
ṣaṣṭhī-tatpuruṣaḥ	bahuvrīhiḥ
dvandvaḥ	dvandvaḥ
dvandvaḥ	dvandvaḥ
dvandvaḥ	dvandvaḥ
dvandvaḥ	dvandvaḥ
ṣaṣṭhī-tatpuruṣaḥ	bahuvrīhiḥ
avyayībhāvaḥ	tatpuruṣaḥ
karmadhārayaḥ	ṣaṣṭhī-tatpuruṣaḥ
ṣaṣṭhī-tatpuruṣaḥ	bahuvrīhiḥ
upapada-tatpuruṣaḥ	upapada-tatpuruṣaḥ
ṣaṣṭhī-tatpuruṣaḥ	itaretara-dvandvaḥ
bahuvrīhiḥ	bahuvrīhiḥ
bahuvrīhiḥ	dvitīyā-tatpuruṣaḥ
bahuvrīhiḥ	bahuvrīhiḥ
nañ-tatpuruṣaḥ	nañ-tatpuruṣaḥ
ṣaṣṭhī-tatpuruṣaḥ	karmadhārayaḥ
ṣaṣṭhī-tatpuruṣaḥ	karmadhārayaḥ
bahuvrīhiḥ	karmadhārayaḥ
bahuvrīhiḥ	karmadhārayaḥ
bahuvrīhiḥ	pañcamī-tatpuruṣaḥ
dvandvaḥ	dvandvaḥ
bahuvrīhiḥ	bahuvrīhiḥ
bahuvrīhiḥ	karmadhārayaḥ
dvandvaḥ	dvandvaḥ
upapada-tatpuruṣaḥ	-
nañ-tatpuruṣaḥ	nañ-tatpuruṣaḥ
ṣaṣṭhī-tatpuruṣaḥ	ṣaṣṭhī-tatpuruṣaḥ
bahuvrīhiḥ	karmadhārayaḥ
bahuvrīhiḥ	nañ-tatpuruṣaḥ
bahuvrīhiḥ	karmadhārayaḥ
nañ-tatpuruṣaḥ	nañ-tatpuruṣaḥ
nañ-tatpuruṣaḥ	nañ-tatpuruṣaḥ
ṣaṣṭhī-tatpuruṣaḥ	ṣaṣṭhī-tatpuruṣaḥ
bahuvrīhiḥ	-
bahuvrīhiḥ	ṣaṣṭhī-tatpuruṣaḥ
ṣaṣṭhī-tatpuruṣaḥ	bahuvrīhiḥ
dvandvaḥ	dvandvaḥ
dvandvaḥ	dvandvaḥ
ṣaṣṭhī-tatpuruṣaḥ	bahuvrīhiḥ
nañ-tatpuruṣaḥ	nañ-tatpuruṣaḥ
bahuvrīhiḥ	bahuvrīhiḥ
bahuvrīhiḥ	ṣaṣṭhī-tatpuruṣaḥ
saptamī-tatpuruṣaḥ	ṣaṣṭhī-tatpuruṣaḥ
bahuvrīhiḥ	nañ-tatpuruṣaḥ
bahuvrīhiḥ	bahuvrīhiḥ
karmadhārayaḥ	karmadhārayaḥ
ṣaṣṭhī-tatpuruṣaḥ	bahuvrīhiḥ
saptamī-tatpuruṣaḥ	bahuvrīhiḥ
nañ-tatpuruṣaḥ	nañ-tatpuruṣaḥ
bahuvrīhiḥ	tṛtīyā-tatpuruṣaḥ
ṣaṣṭhī-tatpuruṣaḥ	ṣaṣṭhī-tatpuruṣaḥ
bahuvrīhiḥ	ṣaṣṭhī-tatpuruṣaḥ
karmadhārayaḥ	karmadhārayaḥ
saptamī-tatpuruṣaḥ	karmadhārayaḥ
tatpuruṣaḥ	tatpuruṣaḥ
bahuvrīhiḥ	dvigu-tatpuruṣaḥ
ṣaṣṭhī-tatpuruṣaḥ	ṣaṣṭhī-tatpuruṣaḥ
bahuvrīhiḥ	dvigu-tatpuruṣaḥ
ṣaṣṭhī-tatpuruṣaḥ	pañcamī-tatpuruṣaḥ
karmadhārayaḥ	karmadhārayaḥ
karmadhārayaḥ	karmadhārayaḥ
karmadhārayaḥ	karmadhārayaḥ
bahuvrīhiḥ	bahuvrīhiḥ
dvandvaḥ	dvandvaḥ
nañ-tatpuruṣaḥ	nañ-tatpuruṣaḥ
karmadhārayaḥ	ṣaṣṭhī-tatpuruṣaḥ
bahuvrīhiḥ	nañ-tatpuruṣaḥ
bahuvrīhiḥ	nañ-tatpuruṣaḥ
nañ-tatpuruṣaḥ	nañ-tatpuruṣaḥ
bahuvrīhiḥ	nañ-tatpuruṣaḥ
bahuvrīhiḥ	nañ-tatpuruṣaḥ
ṣaṣṭhī-tatpuruṣaḥ	ṣaṣṭhī-tatpuruṣaḥ
upapada-tatpuruṣaḥ	ṣaṣṭhī-tatpuruṣaḥ
ṣaṣṭhī-tatpuruṣaḥ	dvigu-tatpuruṣaḥ
upapada-tatpuruṣaḥ	ṣaṣṭhī-tatpuruṣaḥ
dvandvaḥ	karmadhārayaḥ
nañ-tatpuruṣaḥ	nañ-tatpuruṣaḥ
ṣaṣṭhī-tatpuruṣaḥ	ṣaṣṭhī-tatpuruṣaḥ
karmadhārayaḥ	karmadhārayaḥ
upapada-tatpuruṣaḥ	bahuvrīhiḥ
bahuvrīhiḥ	nañ-tatpuruṣaḥ
saptamī-tatpuruṣaḥ	ṣaṣṭhī-tatpuruṣaḥ
upapada-tatpuruṣaḥ	ṣaṣṭhī-tatpuruṣaḥ
nañ-tatpuruṣaḥ	-
ṣaṣṭhī-tatpuruṣaḥ	ṣaṣṭhī-tatpuruṣaḥ
upapada-tatpuruṣaḥ	ṣaṣṭhī-tatpuruṣaḥ
bahuvrīhiḥ	karmadhārayaḥ
karmadhārayaḥ	karmadhārayaḥ
dvandvaḥ	dvandvaḥ
dvandvaḥ	dvandvaḥ
dvandvaḥ	dvandvaḥ
dvandvaḥ	dvandvaḥ
saptamī-tatpuruṣaḥ	bahuvrīhiḥ
nañ-tatpuruṣaḥ	nañ-tatpuruṣaḥ
nañ-tatpuruṣaḥ	nañ-tatpuruṣaḥ
bahuvrīhiḥ	bahuvrīhiḥ
tatpuruṣaḥ	tatpuruṣaḥ
ṣaṣṭhī-tatpuruṣaḥ	ṣaṣṭhī-tatpuruṣaḥ
ṣaṣṭhī-tatpuruṣaḥ	ṣaṣṭhī-tatpuruṣaḥ
upapada-tatpuruṣaḥ	upapada-tatpuruṣaḥ
ṣaṣṭhī-tatpuruṣaḥ	-
karmadhārayaḥ	-
bahuvrīhiḥ	bahuvrīhiḥ
bahuvrīhiḥ	ṣaṣṭhī-tatpuruṣaḥ
nañ-tatpuruṣaḥ	nañ-tatpuruṣaḥ
tṛtīyā-tatpuruṣaḥ	pañcamī-tatpuruṣaḥ
tṛtīyā-tatpuruṣaḥ	pañcamī-tatpuruṣaḥ
bahuvrīhiḥ	karmadhārayaḥ
saptamī-tatpuruṣaḥ	karmadhārayaḥ
bahuvrīhiḥ	bahuvrīhiḥ
nañ-tatpuruṣaḥ	nañ-tatpuruṣaḥ
karmadhārayaḥ	karmadhārayaḥ
nañ-tatpuruṣaḥ	nañ-tatpuruṣaḥ
nañ-tatpuruṣaḥ	nañ-tatpuruṣaḥ
saptamī-tatpuruṣaḥ	dvitīyā-tatpuruṣaḥ
nañ-bahuvrīhiḥ	nañ-tatpuruṣaḥ
avyayībhāvaḥ	tatpuruṣaḥ
ṣaṣṭhī-tatpuruṣaḥ	karmadhārayaḥ
dvandvaḥ	dvandvaḥ
ṣaṣṭhī-tatpuruṣaḥ	karmadhārayaḥ
karmadhārayaḥ	ṣaṣṭhī-tatpuruṣaḥ
ṣaṣṭhī-tatpuruṣaḥ	karmadhārayaḥ
ṣaṣṭhī-tatpuruṣaḥ	bahuvrīhiḥ
avyayībhāvaḥ	saptamī-tatpuruṣaḥ
dvandvaḥ	dvandvaḥ
dvandvaḥ	dvandvaḥ
upapada-tatpuruṣaḥ	bahuvrīhiḥ
nañ-tatpuruṣaḥ	nañ-tatpuruṣaḥ
nañ-tatpuruṣaḥ	nañ-tatpuruṣaḥ
bahuvrīhiḥ	ṣaṣṭhī-tatpuruṣaḥ
bahuvrīhiḥ	-
bahuvrīhiḥ	karmadhārayaḥ
upapada-tatpuruṣaḥ	upapada-tatpuruṣaḥ
bahuvrīhiḥ	karmadhārayaḥ
karmadhārayaḥ	bahuvrīhiḥ
bahuvrīhiḥ	nañ-tatpuruṣaḥ
ṣaṣṭhī-tatpuruṣaḥ	ṣaṣṭhī-tatpuruṣaḥ
bahuvrīhiḥ	ṣaṣṭhī-tatpuruṣaḥ
nañ-tatpuruṣaḥ	nañ-tatpuruṣaḥ
nañ-tatpuruṣaḥ	nañ-tatpuruṣaḥ
ṣaṣṭhī-tatpuruṣaḥ	bahuvrīhiḥ
karmadhārayaḥ	karmadhārayaḥ
ṣaṣṭhī-tatpuruṣaḥ	bahuvrīhiḥ
bahuvrīhiḥ	karmadhārayaḥ
bahuvrīhiḥ	karmadhārayaḥ
tṛtīyā-tatpuruṣaḥ	pañcamī-tatpuruṣaḥ
dvandvaḥ	dvandvaḥ
ṣaṣṭhī-tatpuruṣaḥ	karmadhārayaḥ
karmadhārayaḥ	karmadhārayaḥ
bahuvrīhiḥ	bahuvrīhiḥ
ṣaṣṭhī-tatpuruṣaḥ	ṣaṣṭhī-tatpuruṣaḥ
upapada-tatpuruṣaḥ	ṣaṣṭhī-tatpuruṣaḥ
bahuvrīhiḥ	bahuvrīhiḥ
avyayībhāvaḥ	tatpuruṣaḥ
dvandvaḥ	dvandvaḥ
tṛtīyā-tatpuruṣaḥ	ṣaṣṭhī-tatpuruṣaḥ
ṣaṣṭhī-tatpuruṣaḥ	karmadhārayaḥ
nañ-tatpuruṣaḥ	nañ-tatpuruṣaḥ
caturthī-tatpuruṣaḥ	ṣaṣṭhī-tatpuruṣaḥ
bahuvrīhiḥ	bahuvrīhiḥ
caturthī-tatpuruṣaḥ	ṣaṣṭhī-tatpuruṣaḥ
bahuvrīhiḥ	karmadhārayaḥ
nañ-tatpuruṣaḥ	-
bahuvrīhiḥ	-
nañ-tatpuruṣaḥ	nañ-tatpuruṣaḥ
nañ-tatpuruṣaḥ	nañ-tatpuruṣaḥ
nañ-tatpuruṣaḥ	nañ-tatpuruṣaḥ
nañ-tatpuruṣaḥ	nañ-tatpuruṣaḥ
ṣaṣṭhī-tatpuruṣaḥ	bahuvrīhiḥ
ṣaṣṭhī-tatpuruṣaḥ	-
pañcamī-tatpuruṣaḥ	pañcamī-tatpuruṣaḥ
upapada-tatpuruṣaḥ	ṣaṣṭhī-tatpuruṣaḥ
upapada-tatpuruṣaḥ	karmadhārayaḥ
upapada-tatpuruṣaḥ	karmadhārayaḥ
upapada-tatpuruṣaḥ	bahuvrīhiḥ
saptamī-tatpuruṣaḥ	ṣaṣṭhī-tatpuruṣaḥ
caturthī-tatpuruṣaḥ	ṣaṣṭhī-tatpuruṣaḥ
bahuvrīhiḥ	caturthī-tatpuruṣaḥ
bahuvrīhiḥ	karmadhārayaḥ
bahuvrīhiḥ	ṣaṣṭhī-tatpuruṣaḥ
saptamī-tatpuruṣaḥ	bahuvrīhiḥ
dvitīyā-tatpuruṣaḥ	ṣaṣṭhī-tatpuruṣaḥ
bahuvrīhiḥ	tatpuruṣaḥ
karmadhārayaḥ	karmadhārayaḥ
nañ-tatpuruṣaḥ	nañ-tatpuruṣaḥ
bahuvrīhiḥ	karmadhārayaḥ
bahuvrīhiḥ	karmadhārayaḥ
bahuvrīhiḥ	bahuvrīhiḥ
ṣaṣṭhī-tatpuruṣaḥ	bahuvrīhiḥ
nañ-tatpuruṣaḥ	nañ-tatpuruṣaḥ
karmadhārayaḥ	karmadhārayaḥ
caturthī-tatpuruṣaḥ	ṣaṣṭhī-tatpuruṣaḥ
nañ-tatpuruṣaḥ	nañ-tatpuruṣaḥ
dvandvaḥ	dvandvaḥ
nañ-tatpuruṣaḥ	nañ-tatpuruṣaḥ
nañ-tatpuruṣaḥ	nañ-tatpuruṣaḥ
ṣaṣṭhī-tatpuruṣaḥ	karmadhārayaḥ
ṣaṣṭhī-tatpuruṣaḥ	dvitīyā-tatpuruṣaḥ
nañ-tatpuruṣaḥ	nañ-tatpuruṣaḥ
ṣaṣṭhī-tatpuruṣaḥ	dvitīyā-tatpuruṣaḥ
upapada-tatpuruṣaḥ	tṛtīyā-tatpuruṣaḥ
pañcamī-tatpuruṣaḥ	ṣaṣṭhī-tatpuruṣaḥ
bahuvrīhiḥ	tatpuruṣaḥ
upapada-tatpuruṣaḥ	bahuvrīhiḥ
nañ-tatpuruṣaḥ	nañ-tatpuruṣaḥ
nañ-tatpuruṣaḥ	-
karmadhārayaḥ	ṣaṣṭhī-tatpuruṣaḥ
ṣaṣṭhī-tatpuruṣaḥ	bahuvrīhiḥ
karmadhārayaḥ	bahuvrīhiḥ
upapada-tatpuruṣaḥ	nañ-tatpuruṣaḥ
karmadhārayaḥ	ṣaṣṭhī-tatpuruṣaḥ
bahuvrīhiḥ	ṣaṣṭhī-tatpuruṣaḥ
bahuvrīhiḥ	nañ-tatpuruṣaḥ
nañ-tatpuruṣaḥ	nañ-tatpuruṣaḥ
ṣaṣṭhī-tatpuruṣaḥ	bahuvrīhiḥ
ṣaṣṭhī-tatpuruṣaḥ	ṣaṣṭhī-tatpuruṣaḥ
ṣaṣṭhī-tatpuruṣaḥ	ṣaṣṭhī-tatpuruṣaḥ
bahuvrīhiḥ	bahuvrīhiḥ
pañcamī-tatpuruṣaḥ	tatpuruṣaḥ
pañcamī-tatpuruṣaḥ	tatpuruṣaḥ
upapada-tatpuruṣaḥ	ṣaṣṭhī-tatpuruṣaḥ
karmadhārayaḥ	ṣaṣṭhī-tatpuruṣaḥ
bahuvrīhiḥ	tatpuruṣaḥ
dvandvaḥ	dvandvaḥ
dvandvaḥ	dvandvaḥ
dvandvaḥ	dvandvaḥ
dvandvaḥ	dvandvaḥ
dvandvaḥ	dvandvaḥ
tṛtīyā-tatpuruṣaḥ	ṣaṣṭhī-tatpuruṣaḥ
bahuvrīhiḥ	karmadhārayaḥ
dvandvaḥ	dvandvaḥ
bahuvrīhiḥ	nañ-tatpuruṣaḥ
bahuvrīhiḥ	karmadhārayaḥ
ṣaṣṭhī-tatpuruṣaḥ	bahuvrīhiḥ
ṣaṣṭhī-tatpuruṣaḥ	bahuvrīhiḥ
bahuvrīhiḥ	dvigu-tatpuruṣaḥ
upapada-tatpuruṣaḥ	nañ-tatpuruṣaḥ
nañ-tatpuruṣaḥ	ṣaṣṭhī-tatpuruṣaḥ
nañ-tatpuruṣaḥ	nañ-tatpuruṣaḥ
bahuvrīhiḥ	ṣaṣṭhī-tatpuruṣaḥ
bahuvrīhiḥ	ṣaṣṭhī-tatpuruṣaḥ
nañ-tatpuruṣaḥ	nañ-tatpuruṣaḥ
bahuvrīhiḥ	bahuvrīhiḥ
ṣaṣṭhī-tatpuruṣaḥ	bahuvrīhiḥ
avyayībhāvaḥ	tatpuruṣaḥ
karmadhārayaḥ	ṣaṣṭhī-tatpuruṣaḥ
ṣaṣṭhī-tatpuruṣaḥ	karmadhārayaḥ
bahuvrīhiḥ	karmadhārayaḥ
ṣaṣṭhī-tatpuruṣaḥ	bahuvrīhiḥ
nañ-tatpuruṣaḥ	nañ-tatpuruṣaḥ
ṣaṣṭhī-tatpuruṣaḥ	karmadhārayaḥ
bahuvrīhiḥ	karmadhārayaḥ
ṣaṣṭhī-tatpuruṣaḥ	bahuvrīhiḥ
bahuvrīhiḥ	tatpuruṣaḥ
saptamī-tatpuruṣaḥ	ṣaṣṭhī-tatpuruṣaḥ
ṣaṣṭhī-tatpuruṣaḥ	ṣaṣṭhī-tatpuruṣaḥ
nañ-tatpuruṣaḥ	nañ-tatpuruṣaḥ
ṣaṣṭhī-tatpuruṣaḥ	bahuvrīhiḥ
karmadhārayaḥ	caturthī-tatpuruṣaḥ
ṣaṣṭhī-tatpuruṣaḥ	ṣaṣṭhī-tatpuruṣaḥ
dvandvaḥ	dvandvaḥ
karmadhārayaḥ	karmadhārayaḥ
ṣaṣṭhī-tatpuruṣaḥ	ṣaṣṭhī-tatpuruṣaḥ
ṣaṣṭhī-tatpuruṣaḥ	bahuvrīhiḥ
bahuvrīhiḥ	nañ-tatpuruṣaḥ
karmadhārayaḥ	bahuvrīhiḥ
ṣaṣṭhī-tatpuruṣaḥ	bahuvrīhiḥ
tatpuruṣaḥ	bahuvrīhiḥ
dvandvaḥ	dvandvaḥ
bahuvrīhiḥ	ṣaṣṭhī-tatpuruṣaḥ
bahuvrīhiḥ	nañ-tatpuruṣaḥ
bahuvrīhiḥ	karmadhārayaḥ
tatpuruṣaḥ	dvitīyā-tatpuruṣaḥ
dvitīyā-tatpuruṣaḥ	dvitīyā-tatpuruṣaḥ
nañ-tatpuruṣaḥ	nañ-tatpuruṣaḥ
upapada-tatpuruṣaḥ	ṣaṣṭhī-tatpuruṣaḥ